event_id,device,date,start_time_original,end_time_original,duration_hours,energy_kWh,target_tariff
Dishwasher_001,Dishwasher,2016-01-01,2016-01-01 10:00:00,2016-01-01 12:00:00,2,0.8405,F3
WashingMachine_001,Washing Machine,2016-01-01,2016-01-01 10:00:00,2016-01-01 13:00:00,3,0.6564,F3
Dryer_001,Dryer,2016-01-01,2016-01-01 13:00:00,2016-01-01 16:00:00,3,1.6518,F3
Dishwasher_002,Dishwasher,2016-01-01,2016-01-01 19:00:00,2016-01-01 22:00:00,3,0.8742,F3
Dishwasher_003,Dishwasher,2016-01-03,2016-01-03 15:00:00,2016-01-03 17:00:00,2,0.8319,F3
WashingMachine_002,Washing Machine,2016-01-04,2016-01-04 08:00:00,2016-01-04 11:00:00,3,0.8529,F3
Dryer_002,Dryer,2016-01-04,2016-01-04 11:00:00,2016-01-04 14:00:00,3,1.6784,F3
VacuumCleanerRobot_001,Vacuum Cleaner Robot,2016-01-04,2016-01-04 14:00:00,2016-01-04 18:00:00,4,0.1022,F3
Dishwasher_004,Dishwasher,2016-01-04,2016-01-04 20:00:00,2016-01-04 23:00:00,3,0.9745,F3
Dishwasher_005,Dishwasher,2016-01-06,2016-01-06 09:00:00,2016-01-06 11:00:00,2,0.8157,F3
WashingMachine_003,Washing Machine,2016-01-07,2016-01-07 09:00:00,2016-01-07 11:00:00,2,0.6505,F3
Dishwasher_006,Dishwasher,2016-01-07,2016-01-07 10:00:00,2016-01-07 13:00:00,3,0.9216,F3
Dryer_003,Dryer,2016-01-07,2016-01-07 12:00:00,2016-01-07 15:00:00,3,1.6975,F3
Dishwasher_007,Dishwasher,2016-01-09,2016-01-09 09:00:00,2016-01-09 12:00:00,3,1.2119,F3
VacuumCleanerRobot_002,Vacuum Cleaner Robot,2016-01-09,2016-01-09 15:00:00,2016-01-09 19:00:00,4,0.0998,F3
WashingMachine_004,Washing Machine,2016-01-10,2016-01-10 09:00:00,2016-01-10 12:00:00,3,1.229,F3
Dryer_004,Dryer,2016-01-10,2016-01-10 14:00:00,2016-01-10 16:00:00,2,1.6705,F3
WashingMachine_005,Washing Machine,2016-01-10,2016-01-10 14:00:00,2016-01-10 17:00:00,3,0.7302,F3
Dishwasher_008,Dishwasher,2016-01-11,2016-01-11 17:00:00,2016-01-11 20:00:00,3,1.1476,F3
Dryer_005,Dryer,2016-01-11,2016-01-11 17:00:00,2016-01-11 20:00:00,3,1.3765,F3
Dishwasher_009,Dishwasher,2016-01-12,2016-01-12 18:00:00,2016-01-12 21:00:00,3,1.0289,F3
WashingMachine_006,Washing Machine,2016-01-13,2016-01-13 18:00:00,2016-01-13 20:00:00,2,0.603,F3
Dryer_006,Dryer,2016-01-14,2016-01-14 18:00:00,2016-01-14 21:00:00,3,1.777,F3
Dishwasher_010,Dishwasher,2016-01-14,2016-01-14 18:00:00,2016-01-14 21:00:00,3,1.0714,F3
WashingMachine_007,Washing Machine,2016-01-16,2016-01-16 08:00:00,2016-01-16 11:00:00,3,0.725,F3
Dishwasher_011,Dishwasher,2016-01-16,2016-01-16 09:00:00,2016-01-16 12:00:00,3,1.0476,F3
Dryer_007,Dryer,2016-01-16,2016-01-16 10:00:00,2016-01-16 13:00:00,3,1.5124,F3
VacuumCleanerRobot_003,Vacuum Cleaner Robot,2016-01-16,2016-01-16 14:00:00,2016-01-16 17:00:00,3,0.0692,F3
Dishwasher_012,Dishwasher,2016-01-17,2016-01-17 10:00:00,2016-01-17 13:00:00,3,1.0881,F3
Dishwasher_013,Dishwasher,2016-01-19,2016-01-19 16:00:00,2016-01-19 19:00:00,3,1.0207,F3
WashingMachine_008,Washing Machine,2016-01-19,2016-01-19 17:00:00,2016-01-19 20:00:00,3,0.8008,F3
Dryer_008,Dryer,2016-01-19,2016-01-19 19:00:00,2016-01-19 23:00:00,4,1.7955,F3
Dishwasher_014,Dishwasher,2016-01-21,2016-01-21 18:00:00,2016-01-21 21:00:00,3,1.0499,F3
WashingMachine_009,Washing Machine,2016-01-23,2016-01-23 09:00:00,2016-01-23 12:00:00,3,0.9351,F3
Dishwasher_015,Dishwasher,2016-01-23,2016-01-23 09:00:00,2016-01-23 12:00:00,3,1.0006,F3
WashingMachine_010,Washing Machine,2016-01-23,2016-01-23 14:00:00,2016-01-23 17:00:00,3,0.6552,F3
Dryer_009,Dryer,2016-01-23,2016-01-23 14:00:00,2016-01-23 17:00:00,3,1.5615,F3
VacuumCleanerRobot_004,Vacuum Cleaner Robot,2016-01-23,2016-01-23 18:00:00,2016-01-23 22:00:00,4,0.0972,F3
Dryer_010,Dryer,2016-01-24,2016-01-24 08:00:00,2016-01-24 11:00:00,3,1.7903,F3
Dishwasher_016,Dishwasher,2016-01-24,2016-01-24 09:00:00,2016-01-24 12:00:00,3,1.1002,F3
Dishwasher_017,Dishwasher,2016-01-25,2016-01-25 19:00:00,2016-01-25 22:00:00,3,0.8556,F3
WashingMachine_011,Washing Machine,2016-01-27,2016-01-27 18:00:00,2016-01-27 21:00:00,3,0.7792,F3
Dryer_011,Dryer,2016-01-28,2016-01-28 16:00:00,2016-01-28 19:00:00,3,1.6202,F3
Dishwasher_018,Dishwasher,2016-01-28,2016-01-28 17:00:00,2016-01-28 20:00:00,3,0.9741,F3
WashingMachine_012,Washing Machine,2016-01-28,2016-01-28 18:00:00,2016-01-28 21:00:00,3,0.6893,F3
Dryer_012,Dryer,2016-01-29,2016-01-29 18:00:00,2016-01-29 21:00:00,3,1.8972,F3
Dishwasher_019,Dishwasher,2016-01-29,2016-01-29 18:00:00,2016-01-29 21:00:00,3,0.8002,F3
VacuumCleanerRobot_005,Vacuum Cleaner Robot,2016-01-30,2016-01-30 18:00:00,2016-01-30 22:00:00,4,0.0937,F3
Dishwasher_020,Dishwasher,2016-01-31,2016-01-31 08:00:00,2016-01-31 11:00:00,3,1.0572,F3
WashingMachine_013,Washing Machine,2016-01-31,2016-01-31 08:00:00,2016-01-31 12:00:00,4,0.8067,F3
Dryer_013,Dryer,2016-01-31,2016-01-31 11:00:00,2016-01-31 14:00:00,3,1.5241,F3
Dishwasher_021,Dishwasher,2016-02-01,2016-02-01 17:00:00,2016-02-01 20:00:00,3,1.0741,F3
Dishwasher_022,Dishwasher,2016-02-03,2016-02-03 14:00:00,2016-02-03 17:00:00,3,0.9219,F3
Dishwasher_023,Dishwasher,2016-02-05,2016-02-05 09:00:00,2016-02-05 11:00:00,2,0.9181,F3
VacuumCleanerRobot_006,Vacuum Cleaner Robot,2016-02-06,2016-02-06 15:00:00,2016-02-06 19:00:00,4,0.0931,F3
Dishwasher_024,Dishwasher,2016-02-07,2016-02-07 09:00:00,2016-02-07 12:00:00,3,0.8013,F3
WashingMachine_014,Washing Machine,2016-02-08,2016-02-08 12:00:00,2016-02-08 15:00:00,3,0.7121,F3
Dryer_014,Dryer,2016-02-08,2016-02-08 15:00:00,2016-02-08 18:00:00,3,1.7286,F3
WashingMachine_015,Washing Machine,2016-02-08,2016-02-08 16:00:00,2016-02-08 18:00:00,2,0.9192,F3
Dryer_015,Dryer,2016-02-09,2016-02-09 16:00:00,2016-02-09 19:00:00,3,2.0412,F3
WashingMachine_016,Washing Machine,2016-02-09,2016-02-09 18:00:00,2016-02-09 21:00:00,3,0.7238,F3
WashingMachine_017,Washing Machine,2016-02-10,2016-02-10 18:00:00,2016-02-10 21:00:00,3,0.7284,F3
Dishwasher_025,Dishwasher,2016-02-10,2016-02-10 18:00:00,2016-02-10 21:00:00,3,1.141,F3
Dryer_016,Dryer,2016-02-10,2016-02-10 18:00:00,2016-02-10 20:00:00,2,1.3811,F3
Dryer_017,Dryer,2016-02-11,2016-02-11 17:00:00,2016-02-11 20:00:00,3,1.789,F3
WashingMachine_018,Washing Machine,2016-02-12,2016-02-12 18:00:00,2016-02-12 21:00:00,3,0.791,F3
Dishwasher_026,Dishwasher,2016-02-13,2016-02-13 09:00:00,2016-02-13 12:00:00,3,0.8613,F3
Dryer_018,Dryer,2016-02-13,2016-02-13 09:00:00,2016-02-13 12:00:00,3,1.9849,F3
VacuumCleanerRobot_007,Vacuum Cleaner Robot,2016-02-13,2016-02-13 16:00:00,2016-02-13 19:00:00,3,0.0889,F3
Dishwasher_027,Dishwasher,2016-02-13,2016-02-13 17:00:00,2016-02-13 21:00:00,4,1.1737,F3
Dishwasher_028,Dishwasher,2016-02-15,2016-02-15 18:00:00,2016-02-15 21:00:00,3,1.0591,F3
WashingMachine_019,Washing Machine,2016-02-15,2016-02-15 18:00:00,2016-02-15 21:00:00,3,1.1366,F3
Dryer_019,Dryer,2016-02-16,2016-02-16 18:00:00,2016-02-16 21:00:00,3,1.7415,F3
WashingMachine_020,Washing Machine,2016-02-16,2016-02-16 19:00:00,2016-02-16 21:00:00,2,0.5897,F3
Dryer_020,Dryer,2016-02-17,2016-02-17 19:00:00,2016-02-17 22:00:00,3,1.6872,F3
WashingMachine_021,Washing Machine,2016-02-18,2016-02-18 17:00:00,2016-02-18 20:00:00,3,0.7253,F3
Dishwasher_029,Dishwasher,2016-02-18,2016-02-18 17:00:00,2016-02-18 20:00:00,3,0.9741,F3
Dryer_021,Dryer,2016-02-18,2016-02-18 20:00:00,2016-02-18 23:00:00,3,1.9338,F3
Dishwasher_030,Dishwasher,2016-02-20,2016-02-20 08:00:00,2016-02-20 11:00:00,3,1.2208,F3
VacuumCleanerRobot_008,Vacuum Cleaner Robot,2016-02-20,2016-02-20 18:00:00,2016-02-20 21:00:00,3,0.075,F3
WashingMachine_022,Washing Machine,2016-02-21,2016-02-21 10:00:00,2016-02-21 13:00:00,3,0.7119,F3
Dryer_022,Dryer,2016-02-21,2016-02-21 13:00:00,2016-02-21 16:00:00,3,2.0327,F3
Dishwasher_031,Dishwasher,2016-02-22,2016-02-22 17:00:00,2016-02-22 20:00:00,3,0.9964,F3
Dishwasher_032,Dishwasher,2016-02-23,2016-02-23 16:00:00,2016-02-23 19:00:00,3,0.8185,F3
WashingMachine_023,Washing Machine,2016-02-25,2016-02-25 19:00:00,2016-02-25 22:00:00,3,0.5643,F3
Dryer_023,Dryer,2016-02-26,2016-02-26 18:00:00,2016-02-26 21:00:00,3,1.6374,F3
Dishwasher_033,Dishwasher,2016-02-26,2016-02-26 18:00:00,2016-02-26 21:00:00,3,0.9473,F3
WashingMachine_024,Washing Machine,2016-02-27,2016-02-27 09:00:00,2016-02-27 12:00:00,3,0.8967,F3
Dishwasher_034,Dishwasher,2016-02-27,2016-02-27 09:00:00,2016-02-27 12:00:00,3,0.9982,F3
WashingMachine_025,Washing Machine,2016-02-27,2016-02-27 13:00:00,2016-02-27 17:00:00,4,0.7423,F3
Dryer_024,Dryer,2016-02-27,2016-02-27 13:00:00,2016-02-27 17:00:00,4,1.8327,F3
VacuumCleanerRobot_009,Vacuum Cleaner Robot,2016-02-27,2016-02-27 13:00:00,2016-02-27 16:00:00,3,0.0882,F3
Dryer_025,Dryer,2016-02-27,2016-02-27 18:00:00,2016-02-27 21:00:00,3,1.7395,F3
Dishwasher_035,Dishwasher,2016-02-28,2016-02-28 14:00:00,2016-02-28 17:00:00,3,1.0597,F3
WashingMachine_026,Washing Machine,2016-03-01,2016-03-01 18:00:00,2016-03-01 21:00:00,3,0.6581,F3
Dishwasher_036,Dishwasher,2016-03-01,2016-03-01 18:00:00,2016-03-01 20:00:00,2,0.9898,F3
Dryer_026,Dryer,2016-03-02,2016-03-02 16:00:00,2016-03-02 19:00:00,3,2.0696,F3
Dishwasher_037,Dishwasher,2016-03-03,2016-03-03 17:00:00,2016-03-03 20:00:00,3,1.0498,F3
WashingMachine_027,Washing Machine,2016-03-04,2016-03-04 18:00:00,2016-03-04 20:00:00,2,0.5994,F3
Dishwasher_038,Dishwasher,2016-03-05,2016-03-05 09:00:00,2016-03-05 12:00:00,3,0.847,F3
Dryer_027,Dryer,2016-03-05,2016-03-05 09:00:00,2016-03-05 12:00:00,3,1.6303,F3
VacuumCleanerRobot_010,Vacuum Cleaner Robot,2016-03-05,2016-03-05 14:00:00,2016-03-05 17:00:00,3,0.0844,F3
Dishwasher_039,Dishwasher,2016-03-05,2016-03-05 18:00:00,2016-03-05 21:00:00,3,1.0304,F3
WashingMachine_028,Washing Machine,2016-03-07,2016-03-07 16:00:00,2016-03-07 19:00:00,3,0.8233,F3
Dryer_028,Dryer,2016-03-07,2016-03-07 18:00:00,2016-03-07 21:00:00,3,1.5283,F3
Dishwasher_040,Dishwasher,2016-03-08,2016-03-08 10:00:00,2016-03-08 13:00:00,3,0.8968,F3
Dishwasher_041,Dishwasher,2016-03-08,2016-03-08 19:00:00,2016-03-08 21:00:00,2,0.9438,F3
WashingMachine_029,Washing Machine,2016-03-10,2016-03-10 19:00:00,2016-03-10 22:00:00,3,0.7117,F3
Dryer_029,Dryer,2016-03-11,2016-03-11 18:00:00,2016-03-11 21:00:00,3,1.7491,F3
Dishwasher_042,Dishwasher,2016-03-11,2016-03-11 19:00:00,2016-03-11 21:00:00,2,0.8739,F3
WashingMachine_030,Washing Machine,2016-03-12,2016-03-12 08:00:00,2016-03-12 10:00:00,2,0.8374,F3
Dryer_030,Dryer,2016-03-12,2016-03-12 11:00:00,2016-03-12 13:00:00,2,1.4696,F3
Dishwasher_043,Dishwasher,2016-03-12,2016-03-12 15:00:00,2016-03-12 19:00:00,4,1.1489,F3
VacuumCleanerRobot_011,Vacuum Cleaner Robot,2016-03-12,2016-03-12 18:00:00,2016-03-12 22:00:00,4,0.1015,F3
Dishwasher_044,Dishwasher,2016-03-13,2016-03-13 09:00:00,2016-03-13 12:00:00,3,1.056,F3
WashingMachine_031,Washing Machine,2016-03-13,2016-03-13 09:00:00,2016-03-13 12:00:00,3,0.6956,F3
Dryer_031,Dryer,2016-03-13,2016-03-13 13:00:00,2016-03-13 16:00:00,3,1.6925,F3
Dishwasher_045,Dishwasher,2016-03-30,2016-03-30 15:00:00,2016-03-30 18:00:00,3,0.975,F3
VacuumCleanerRobot_012,Vacuum Cleaner Robot,2016-03-30,2016-03-30 20:00:00,2016-03-30 23:00:00,3,0.0858,F3
Dishwasher_046,Dishwasher,2016-03-31,2016-03-31 17:00:00,2016-03-31 20:00:00,3,0.8865,F3
WashingMachine_032,Washing Machine,2016-03-31,2016-03-31 19:00:00,2016-03-31 22:00:00,3,0.7084,F3
Dryer_032,Dryer,2016-04-01,2016-04-01 18:00:00,2016-04-01 22:00:00,4,1.9019,F3
Dishwasher_047,Dishwasher,2016-04-02,2016-04-02 16:00:00,2016-04-02 19:00:00,3,0.9979,F3
WashingMachine_033,Washing Machine,2016-04-03,2016-04-03 10:00:00,2016-04-03 13:00:00,3,0.6003,F3
Dishwasher_048,Dishwasher,2016-04-03,2016-04-03 15:00:00,2016-04-03 18:00:00,3,0.9998,F3
Dryer_033,Dryer,2016-04-03,2016-04-03 15:00:00,2016-04-03 17:00:00,2,1.9826,F3
Dishwasher_049,Dishwasher,2016-04-05,2016-04-05 19:00:00,2016-04-05 22:00:00,3,1.0749,F3
WashingMachine_034,Washing Machine,2016-04-06,2016-04-06 16:00:00,2016-04-06 18:00:00,2,0.827,F3
Dryer_034,Dryer,2016-04-06,2016-04-06 19:00:00,2016-04-06 23:00:00,4,1.8813,F3
WashingMachine_035,Washing Machine,2016-04-07,2016-04-07 18:00:00,2016-04-07 21:00:00,3,0.6574,F3
Dishwasher_050,Dishwasher,2016-04-08,2016-04-08 17:00:00,2016-04-08 20:00:00,3,0.8822,F3
Dryer_035,Dryer,2016-04-08,2016-04-08 17:00:00,2016-04-08 20:00:00,3,1.6544,F3
WashingMachine_036,Washing Machine,2016-04-09,2016-04-09 08:00:00,2016-04-09 12:00:00,4,0.8363,F3
Dishwasher_051,Dishwasher,2016-04-09,2016-04-09 10:00:00,2016-04-09 12:00:00,2,0.796,F3
VacuumCleanerRobot_013,Vacuum Cleaner Robot,2016-04-09,2016-04-09 12:00:00,2016-04-09 16:00:00,4,0.0947,F3
Dryer_036,Dryer,2016-04-09,2016-04-09 13:00:00,2016-04-09 17:00:00,4,1.9695,F3
Dishwasher_052,Dishwasher,2016-04-10,2016-04-10 15:00:00,2016-04-10 18:00:00,3,0.9749,F3
WashingMachine_037,Washing Machine,2016-04-12,2016-04-12 19:00:00,2016-04-12 22:00:00,3,0.7473,F3
Dryer_037,Dryer,2016-04-13,2016-04-13 18:00:00,2016-04-13 21:00:00,3,1.8877,F3
Dishwasher_053,Dishwasher,2016-04-13,2016-04-13 19:00:00,2016-04-13 22:00:00,3,1.0258,F3
Dishwasher_054,Dishwasher,2016-04-15,2016-04-15 18:00:00,2016-04-15 21:00:00,3,0.9742,F3
WashingMachine_038,Washing Machine,2016-04-15,2016-04-15 19:00:00,2016-04-15 22:00:00,3,0.7238,F3
Dryer_038,Dryer,2016-04-16,2016-04-16 08:00:00,2016-04-16 11:00:00,3,1.6949,F3
Dishwasher_055,Dishwasher,2016-04-16,2016-04-16 09:00:00,2016-04-16 12:00:00,3,0.9998,F3
VacuumCleanerRobot_014,Vacuum Cleaner Robot,2016-04-17,2016-04-17 16:00:00,2016-04-17 19:00:00,3,0.0889,F3
Dishwasher_056,Dishwasher,2016-04-18,2016-04-18 15:00:00,2016-04-18 17:00:00,2,0.7516,F3
WashingMachine_039,Washing Machine,2016-04-18,2016-04-18 15:00:00,2016-04-18 17:00:00,2,0.8575,F3
Dryer_039,Dryer,2016-04-18,2016-04-18 17:00:00,2016-04-18 20:00:00,3,1.9795,F3
WashingMachine_040,Washing Machine,2016-04-18,2016-04-18 18:00:00,2016-04-18 21:00:00,3,0.7495,F3
Dryer_040,Dryer,2016-04-19,2016-04-19 18:00:00,2016-04-19 21:00:00,3,1.743,F3
Dishwasher_057,Dishwasher,2016-04-20,2016-04-20 18:00:00,2016-04-20 21:00:00,3,0.9227,F3
WashingMachine_041,Washing Machine,2016-04-21,2016-04-21 18:00:00,2016-04-21 21:00:00,3,0.6658,F3
Dishwasher_058,Dishwasher,2016-04-21,2016-04-21 19:00:00,2016-04-21 22:00:00,3,0.9473,F3
Dryer_041,Dryer,2016-04-22,2016-04-22 18:00:00,2016-04-22 21:00:00,3,1.8675,F3
Dishwasher_059,Dishwasher,2016-04-23,2016-04-23 09:00:00,2016-04-23 12:00:00,3,0.9727,F3
VacuumCleanerRobot_015,Vacuum Cleaner Robot,2016-04-23,2016-04-23 13:00:00,2016-04-23 16:00:00,3,0.0899,F3
WashingMachine_042,Washing Machine,2016-04-24,2016-04-24 09:00:00,2016-04-24 12:00:00,3,0.5823,F3
Dryer_042,Dryer,2016-04-24,2016-04-24 13:00:00,2016-04-24 16:00:00,3,1.891,F3
Dishwasher_060,Dishwasher,2016-04-24,2016-04-24 14:00:00,2016-04-24 17:00:00,3,1.0612,F3
WashingMachine_043,Washing Machine,2016-04-27,2016-04-27 08:00:00,2016-04-27 11:00:00,3,0.7275,F3
Dryer_043,Dryer,2016-04-27,2016-04-27 15:00:00,2016-04-27 19:00:00,4,2.0159,F3
Dishwasher_061,Dishwasher,2016-04-27,2016-04-27 20:00:00,2016-04-27 23:00:00,3,1.1004,F3
Dishwasher_062,Dishwasher,2016-04-29,2016-04-29 15:00:00,2016-04-29 18:00:00,3,1.1424,F3
WashingMachine_044,Washing Machine,2016-04-30,2016-04-30 09:00:00,2016-04-30 11:00:00,2,0.9833,F3
Dryer_044,Dryer,2016-04-30,2016-04-30 13:00:00,2016-04-30 16:00:00,3,1.85,F3
WashingMachine_045,Washing Machine,2016-04-30,2016-04-30 14:00:00,2016-04-30 17:00:00,3,0.8652,F3
VacuumCleanerRobot_016,Vacuum Cleaner Robot,2016-04-30,2016-04-30 15:00:00,2016-04-30 18:00:00,3,0.0862,F3
Dryer_045,Dryer,2016-04-30,2016-04-30 19:00:00,2016-04-30 22:00:00,3,1.8641,F3
Dishwasher_063,Dishwasher,2016-04-30,2016-04-30 19:00:00,2016-04-30 22:00:00,3,1.1464,F3
Dishwasher_064,Dishwasher,2016-05-02,2016-05-02 20:00:00,2016-05-02 23:00:00,3,0.9735,F3
WashingMachine_046,Washing Machine,2016-05-03,2016-05-03 18:00:00,2016-05-03 21:00:00,3,0.5632,F3
Dishwasher_065,Dishwasher,2016-05-04,2016-05-04 17:00:00,2016-05-04 20:00:00,3,1.0485,F3
Dryer_046,Dryer,2016-05-04,2016-05-04 17:00:00,2016-05-04 20:00:00,3,1.7619,F3
WashingMachine_047,Washing Machine,2016-05-06,2016-05-06 18:00:00,2016-05-06 21:00:00,3,0.757,F3
Dishwasher_066,Dishwasher,2016-05-06,2016-05-06 18:00:00,2016-05-06 21:00:00,3,1.0262,F3
Dryer_047,Dryer,2016-05-07,2016-05-07 10:00:00,2016-05-07 12:00:00,2,1.6578,F3
VacuumCleanerRobot_017,Vacuum Cleaner Robot,2016-05-07,2016-05-07 14:00:00,2016-05-07 17:00:00,3,0.0826,F3
Dishwasher_067,Dishwasher,2016-05-07,2016-05-07 18:00:00,2016-05-07 21:00:00,3,0.9957,F3
WashingMachine_048,Washing Machine,2016-05-09,2016-05-09 20:00:00,2016-05-09 23:00:00,3,0.7234,F3
Dryer_048,Dryer,2016-05-10,2016-05-10 16:00:00,2016-05-10 19:00:00,3,1.5898,F3
Dishwasher_068,Dishwasher,2016-05-10,2016-05-10 17:00:00,2016-05-10 20:00:00,3,1.087,F3
Dishwasher_069,Dishwasher,2016-05-13,2016-05-13 09:00:00,2016-05-13 12:00:00,3,1.0265,F3
VacuumCleanerRobot_018,Vacuum Cleaner Robot,2016-05-14,2016-05-14 17:00:00,2016-05-14 20:00:00,3,0.086,F3
Dishwasher_070,Dishwasher,2016-05-14,2016-05-14 20:00:00,2016-05-14 22:00:00,2,0.8577,F3
WashingMachine_049,Washing Machine,2016-05-15,2016-05-15 10:00:00,2016-05-15 14:00:00,4,0.7536,F3
Dryer_049,Dryer,2016-05-15,2016-05-15 15:00:00,2016-05-15 18:00:00,3,1.8854,F3
WashingMachine_050,Washing Machine,2016-05-15,2016-05-15 15:00:00,2016-05-15 21:00:00,6,1.69,F3
Dryer_050,Dryer,2016-05-16,2016-05-16 08:00:00,2016-05-16 11:00:00,3,1.9082,F3
Dryer_051,Dryer,2016-05-16,2016-05-16 15:00:00,2016-05-16 18:00:00,3,1.7686,F3
Dishwasher_071,Dishwasher,2016-05-17,2016-05-17 18:00:00,2016-05-17 21:00:00,3,0.9744,F3
WashingMachine_051,Washing Machine,2016-05-18,2016-05-18 08:00:00,2016-05-18 11:00:00,3,0.7101,F3
Dryer_052,Dryer,2016-05-18,2016-05-18 15:00:00,2016-05-18 18:00:00,3,1.5131,F3
Dishwasher_072,Dishwasher,2016-05-19,2016-05-19 17:00:00,2016-05-19 20:00:00,3,0.9227,F3
Dishwasher_073,Dishwasher,2016-05-20,2016-05-20 18:00:00,2016-05-20 21:00:00,3,0.9972,F3
WashingMachine_052,Washing Machine,2016-05-21,2016-05-21 09:00:00,2016-05-21 12:00:00,3,0.673,F3
Dryer_053,Dryer,2016-05-21,2016-05-21 13:00:00,2016-05-21 16:00:00,3,1.6699,F3
VacuumCleanerRobot_019,Vacuum Cleaner Robot,2016-05-21,2016-05-21 16:00:00,2016-05-21 19:00:00,3,0.0781,F3
Dishwasher_074,Dishwasher,2016-05-22,2016-05-22 08:00:00,2016-05-22 11:00:00,3,1.0589,F3
Dishwasher_075,Dishwasher,2016-05-24,2016-05-24 19:00:00,2016-05-24 21:00:00,2,0.9646,F3
WashingMachine_053,Washing Machine,2016-05-24,2016-05-24 19:00:00,2016-05-24 23:00:00,4,0.8723,F3
Dryer_054,Dryer,2016-05-25,2016-05-25 17:00:00,2016-05-25 20:00:00,3,1.8791,F3
WashingMachine_054,Washing Machine,2016-05-25,2016-05-25 17:00:00,2016-05-25 20:00:00,3,1.0639,F3
Dishwasher_076,Dishwasher,2016-05-25,2016-05-25 19:00:00,2016-05-25 22:00:00,3,1.0304,F3
Dryer_055,Dryer,2016-05-26,2016-05-26 17:00:00,2016-05-26 20:00:00,3,1.8607,F3
Dishwasher_077,Dishwasher,2016-05-27,2016-05-27 18:00:00,2016-05-27 21:00:00,3,0.8359,F3
WashingMachine_055,Washing Machine,2016-05-27,2016-05-27 19:00:00,2016-05-27 22:00:00,3,0.7187,F3
Dryer_056,Dryer,2016-05-28,2016-05-28 08:00:00,2016-05-28 11:00:00,3,1.9685,F3
Dishwasher_078,Dishwasher,2016-05-28,2016-05-28 19:00:00,2016-05-28 22:00:00,3,0.9983,F3
VacuumCleanerRobot_020,Vacuum Cleaner Robot,2016-05-28,2016-05-28 20:00:00,2016-05-29 00:00:00,4,0.1048,F3
Dishwasher_079,Dishwasher,2016-05-30,2016-05-30 17:00:00,2016-05-30 20:00:00,3,0.8729,F3
WashingMachine_056,Washing Machine,2016-05-30,2016-05-30 18:00:00,2016-05-30 20:00:00,2,0.5974,F3
Dryer_057,Dryer,2016-05-31,2016-05-31 17:00:00,2016-05-31 20:00:00,3,1.6927,F3
Dishwasher_080,Dishwasher,2016-06-01,2016-06-01 17:00:00,2016-06-01 20:00:00,3,0.8359,F3
WashingMachine_057,Washing Machine,2016-06-02,2016-06-02 18:00:00,2016-06-02 21:00:00,3,0.6991,F3
Dishwasher_081,Dishwasher,2016-06-02,2016-06-02 19:00:00,2016-06-02 22:00:00,3,0.9707,F3
Dryer_058,Dryer,2016-06-03,2016-06-03 15:00:00,2016-06-03 18:00:00,3,1.5946,F3
Dishwasher_082,Dishwasher,2016-06-04,2016-06-04 08:00:00,2016-06-04 11:00:00,3,1.0006,F3
VacuumCleanerRobot_021,Vacuum Cleaner Robot,2016-06-04,2016-06-04 19:00:00,2016-06-04 23:00:00,4,0.0894,F3
Dishwasher_083,Dishwasher,2016-06-05,2016-06-05 11:00:00,2016-06-05 14:00:00,3,1.0243,F3
WashingMachine_058,Washing Machine,2016-06-06,2016-06-06 16:00:00,2016-06-06 21:00:00,5,1.757,F3
Dryer_059,Dryer,2016-06-06,2016-06-06 18:00:00,2016-06-06 21:00:00,3,1.6928,F3
Dryer_060,Dryer,2016-06-08,2016-06-08 18:00:00,2016-06-08 22:00:00,4,2.4397,F3
Dishwasher_084,Dishwasher,2016-06-08,2016-06-08 19:00:00,2016-06-08 22:00:00,3,0.8879,F3
Dishwasher_085,Dishwasher,2016-06-09,2016-06-09 17:00:00,2016-06-09 20:00:00,3,0.9757,F3
WashingMachine_059,Washing Machine,2016-06-09,2016-06-09 18:00:00,2016-06-09 22:00:00,4,0.7597,F3
Dryer_061,Dryer,2016-06-10,2016-06-10 16:00:00,2016-06-10 19:00:00,3,2.104,F3
Dishwasher_086,Dishwasher,2016-06-11,2016-06-11 10:00:00,2016-06-11 13:00:00,3,0.8968,F3
VacuumCleanerRobot_022,Vacuum Cleaner Robot,2016-06-11,2016-06-11 16:00:00,2016-06-11 20:00:00,4,0.091,F3
Dishwasher_087,Dishwasher,2016-06-12,2016-06-12 08:00:00,2016-06-12 11:00:00,3,0.9744,F3
WashingMachine_060,Washing Machine,2016-06-12,2016-06-12 08:00:00,2016-06-12 11:00:00,3,0.7119,F3
Dryer_062,Dryer,2016-06-12,2016-06-12 10:00:00,2016-06-12 14:00:00,4,1.9055,F3
Dishwasher_088,Dishwasher,2016-06-14,2016-06-14 08:00:00,2016-06-14 11:00:00,3,0.8879,F3
WashingMachine_061,Washing Machine,2016-06-15,2016-06-15 16:00:00,2016-06-15 20:00:00,4,0.7439,F3
Dryer_063,Dryer,2016-06-15,2016-06-15 19:00:00,2016-06-15 22:00:00,3,1.7779,F3
Dishwasher_089,Dishwasher,2016-06-15,2016-06-15 19:00:00,2016-06-15 22:00:00,3,0.9488,F3
Dishwasher_090,Dishwasher,2016-06-17,2016-06-17 19:00:00,2016-06-17 21:00:00,2,0.7563,F3
WashingMachine_062,Washing Machine,2016-06-18,2016-06-18 10:00:00,2016-06-18 12:00:00,2,1.0077,F3
Dryer_064,Dryer,2016-06-18,2016-06-18 13:00:00,2016-06-18 18:00:00,5,2.3466,F3
WashingMachine_063,Washing Machine,2016-06-18,2016-06-18 14:00:00,2016-06-18 17:00:00,3,0.7714,F3
VacuumCleanerRobot_023,Vacuum Cleaner Robot,2016-06-18,2016-06-18 16:00:00,2016-06-18 19:00:00,3,0.0843,F3
Dryer_065,Dryer,2016-06-19,2016-06-19 08:00:00,2016-06-19 11:00:00,3,1.551,F3
Dishwasher_091,Dishwasher,2016-06-19,2016-06-19 11:00:00,2016-06-19 14:00:00,3,1.1111,F3
WashingMachine_064,Washing Machine,2016-06-21,2016-06-21 18:00:00,2016-06-21 21:00:00,3,0.7644,F3
Dishwasher_092,Dishwasher,2016-06-21,2016-06-21 18:00:00,2016-06-21 21:00:00,3,1.0571,F3
Dryer_066,Dryer,2016-06-22,2016-06-22 17:00:00,2016-06-22 20:00:00,3,1.8227,F3
Dishwasher_093,Dishwasher,2016-06-22,2016-06-22 20:00:00,2016-06-22 23:00:00,3,0.9233,F3
Dishwasher_094,Dishwasher,2016-06-24,2016-06-24 14:00:00,2016-06-24 17:00:00,3,0.8968,F3
WashingMachine_065,Washing Machine,2016-06-25,2016-06-25 11:00:00,2016-06-25 14:00:00,3,0.7406,F3
Dryer_067,Dryer,2016-06-25,2016-06-25 14:00:00,2016-06-25 18:00:00,4,1.9366,F3
VacuumCleanerRobot_024,Vacuum Cleaner Robot,2016-06-26,2016-06-26 12:00:00,2016-06-26 15:00:00,3,0.0787,F3
Dishwasher_095,Dishwasher,2016-06-26,2016-06-26 14:00:00,2016-06-26 16:00:00,2,0.831,F3
WashingMachine_066,Washing Machine,2016-06-28,2016-06-28 17:00:00,2016-06-28 20:00:00,3,0.7209,F3
Dryer_068,Dryer,2016-06-29,2016-06-29 17:00:00,2016-06-29 20:00:00,3,1.7491,F3
Dishwasher_096,Dishwasher,2016-06-29,2016-06-29 18:00:00,2016-06-29 21:00:00,3,1.0255,F3
WashingMachine_067,Washing Machine,2016-06-30,2016-06-30 17:00:00,2016-06-30 20:00:00,3,0.8258,F3
Dishwasher_097,Dishwasher,2016-06-30,2016-06-30 18:00:00,2016-06-30 21:00:00,3,0.9977,F3
WashingMachine_068,Washing Machine,2016-07-01,2016-07-01 19:00:00,2016-07-01 22:00:00,3,0.7113,F3
Dryer_069,Dryer,2016-07-01,2016-07-01 19:00:00,2016-07-01 22:00:00,3,1.7729,F3
Dryer_070,Dryer,2016-07-02,2016-07-02 09:00:00,2016-07-02 12:00:00,3,1.4594,F3
Dishwasher_098,Dishwasher,2016-07-02,2016-07-02 09:00:00,2016-07-02 12:00:00,3,1.0726,F3
VacuumCleanerRobot_025,Vacuum Cleaner Robot,2016-07-02,2016-07-02 17:00:00,2016-07-02 20:00:00,3,0.0749,F3
WashingMachine_069,Washing Machine,2016-07-03,2016-07-03 09:00:00,2016-07-03 12:00:00,3,0.7097,F3
Dishwasher_099,Dishwasher,2016-07-03,2016-07-03 14:00:00,2016-07-03 17:00:00,3,0.9741,F3
Dryer_071,Dryer,2016-07-03,2016-07-03 14:00:00,2016-07-03 16:00:00,2,1.6311,F3
Dishwasher_100,Dishwasher,2016-07-04,2016-07-04 20:00:00,2016-07-04 23:00:00,3,1.1119,F3
WashingMachine_070,Washing Machine,2016-07-06,2016-07-06 19:00:00,2016-07-06 22:00:00,3,0.6746,F3
Dryer_072,Dryer,2016-07-07,2016-07-07 16:00:00,2016-07-07 19:00:00,3,1.7376,F3
Dishwasher_101,Dishwasher,2016-07-07,2016-07-07 16:00:00,2016-07-07 19:00:00,3,0.9467,F3
Dishwasher_102,Dishwasher,2016-07-09,2016-07-09 09:00:00,2016-07-09 13:00:00,4,1.2194,F3
WashingMachine_071,Washing Machine,2016-07-09,2016-07-09 10:00:00,2016-07-09 13:00:00,3,0.7102,F3
VacuumCleanerRobot_026,Vacuum Cleaner Robot,2016-07-09,2016-07-09 14:00:00,2016-07-09 18:00:00,4,0.0968,F3
Dryer_073,Dryer,2016-07-09,2016-07-09 14:00:00,2016-07-09 17:00:00,3,1.6727,F3
Dishwasher_103,Dishwasher,2016-07-10,2016-07-10 09:00:00,2016-07-10 12:00:00,3,1.0852,F3
Dishwasher_104,Dishwasher,2016-07-12,2016-07-12 18:00:00,2016-07-12 21:00:00,3,1.0258,F3
WashingMachine_072,Washing Machine,2016-07-12,2016-07-12 19:00:00,2016-07-12 22:00:00,3,0.7431,F3
WashingMachine_073,Washing Machine,2016-07-13,2016-07-13 17:00:00,2016-07-13 20:00:00,3,1.1577,F3
Dryer_074,Dryer,2016-07-13,2016-07-13 17:00:00,2016-07-13 19:00:00,2,1.5109,F3
Dryer_075,Dryer,2016-07-14,2016-07-14 18:00:00,2016-07-14 21:00:00,3,1.9884,F3
Dishwasher_105,Dishwasher,2016-07-15,2016-07-15 17:00:00,2016-07-15 19:00:00,2,0.7366,F3
WashingMachine_074,Washing Machine,2016-07-15,2016-07-15 17:00:00,2016-07-15 20:00:00,3,0.6935,F3
VacuumCleanerRobot_027,Vacuum Cleaner Robot,2016-07-15,2016-07-15 20:00:00,2016-07-15 23:00:00,3,0.0848,F3
Dryer_076,Dryer,2016-07-16,2016-07-16 08:00:00,2016-07-16 11:00:00,3,1.7804,F3
Dishwasher_106,Dishwasher,2016-07-16,2016-07-16 10:00:00,2016-07-16 13:00:00,3,0.9485,F3
Dishwasher_107,Dishwasher,2016-07-17,2016-07-17 13:00:00,2016-07-17 15:00:00,2,0.9646,F3
WashingMachine_075,Washing Machine,2016-07-18,2016-07-18 19:00:00,2016-07-18 23:00:00,4,0.8519,F3
Dryer_077,Dryer,2016-07-19,2016-07-19 18:00:00,2016-07-19 21:00:00,3,1.758,F3
Dishwasher_108,Dishwasher,2016-07-20,2016-07-20 18:00:00,2016-07-20 21:00:00,3,1.0588,F3
WashingMachine_076,Washing Machine,2016-07-21,2016-07-21 19:00:00,2016-07-21 22:00:00,3,0.6514,F3
Dishwasher_109,Dishwasher,2016-07-22,2016-07-22 08:00:00,2016-07-22 10:00:00,2,0.7753,F3
Dryer_078,Dryer,2016-07-22,2016-07-22 16:00:00,2016-07-22 19:00:00,3,1.6602,F3
Dishwasher_110,Dishwasher,2016-07-23,2016-07-23 09:00:00,2016-07-23 12:00:00,3,0.9744,F3
VacuumCleanerRobot_028,Vacuum Cleaner Robot,2016-07-23,2016-07-23 16:00:00,2016-07-23 19:00:00,3,0.0838,F3
WashingMachine_077,Washing Machine,2016-07-24,2016-07-24 08:00:00,2016-07-24 14:00:00,6,1.6334,F3
Dryer_079,Dryer,2016-07-24,2016-07-24 10:00:00,2016-07-24 13:00:00,3,1.8035,F3
Dishwasher_111,Dishwasher,2016-07-24,2016-07-24 11:00:00,2016-07-24 14:00:00,3,0.9982,F3
Dryer_080,Dryer,2016-07-24,2016-07-24 16:00:00,2016-07-24 19:00:00,3,1.9197,F3
Dishwasher_112,Dishwasher,2016-07-27,2016-07-27 16:00:00,2016-07-27 19:00:00,3,0.946,F3
WashingMachine_078,Washing Machine,2016-07-27,2016-07-27 17:00:00,2016-07-27 20:00:00,3,0.6814,F3
Dryer_081,Dryer,2016-07-27,2016-07-27 19:00:00,2016-07-27 22:00:00,3,1.7593,F3
Dishwasher_113,Dishwasher,2016-07-28,2016-07-28 17:00:00,2016-07-28 20:00:00,3,1.1419,F3
Dishwasher_114,Dishwasher,2016-07-30,2016-07-30 10:00:00,2016-07-30 13:00:00,3,1.1424,F3
WashingMachine_079,Washing Machine,2016-07-30,2016-07-30 11:00:00,2016-07-30 14:00:00,3,0.7682,F3
Dryer_082,Dryer,2016-07-30,2016-07-30 13:00:00,2016-07-30 17:00:00,4,1.8538,F3
VacuumCleanerRobot_029,Vacuum Cleaner Robot,2016-07-30,2016-07-30 16:00:00,2016-07-30 19:00:00,3,0.0815,F3
Dishwasher_115,Dishwasher,2016-07-31,2016-07-31 15:00:00,2016-07-31 18:00:00,3,0.9741,F3
Dishwasher_116,Dishwasher,2016-08-02,2016-08-02 17:00:00,2016-08-02 19:00:00,2,0.9411,F3
WashingMachine_080,Washing Machine,2016-08-02,2016-08-02 18:00:00,2016-08-02 21:00:00,3,0.7751,F3
Dryer_083,Dryer,2016-08-03,2016-08-03 16:00:00,2016-08-03 20:00:00,4,2.2094,F3
Dishwasher_117,Dishwasher,2016-08-04,2016-08-04 17:00:00,2016-08-04 19:00:00,2,0.9886,F3
WashingMachine_081,Washing Machine,2016-08-05,2016-08-05 17:00:00,2016-08-05 19:00:00,2,0.891,F3
Dryer_084,Dryer,2016-08-05,2016-08-05 20:00:00,2016-08-05 23:00:00,3,1.9267,F3
Dishwasher_118,Dishwasher,2016-08-06,2016-08-06 09:00:00,2016-08-06 12:00:00,3,1.0504,F3
WashingMachine_082,Washing Machine,2016-08-06,2016-08-06 09:00:00,2016-08-06 12:00:00,3,0.7584,F3
Dryer_085,Dryer,2016-08-06,2016-08-06 13:00:00,2016-08-06 17:00:00,4,2.0428,F3
VacuumCleanerRobot_030,Vacuum Cleaner Robot,2016-08-06,2016-08-06 16:00:00,2016-08-06 20:00:00,4,0.0973,F3
Dishwasher_119,Dishwasher,2016-08-07,2016-08-07 08:00:00,2016-08-07 11:00:00,3,1.1927,F3
WashingMachine_083,Washing Machine,2016-08-08,2016-08-08 19:00:00,2016-08-08 22:00:00,3,0.6673,F3
Dryer_086,Dryer,2016-08-09,2016-08-09 18:00:00,2016-08-09 21:00:00,3,1.5678,F3
Dishwasher_120,Dishwasher,2016-08-09,2016-08-09 18:00:00,2016-08-09 21:00:00,3,1.0479,F3
Dishwasher_121,Dishwasher,2016-08-11,2016-08-11 20:00:00,2016-08-11 23:00:00,3,1.0997,F3
WashingMachine_084,Washing Machine,2016-08-12,2016-08-12 19:00:00,2016-08-12 22:00:00,3,0.6974,F3
Dryer_087,Dryer,2016-08-13,2016-08-13 09:00:00,2016-08-13 12:00:00,3,1.7491,F3
Dishwasher_122,Dishwasher,2016-08-13,2016-08-13 09:00:00,2016-08-13 12:00:00,3,1.0475,F3
VacuumCleanerRobot_031,Vacuum Cleaner Robot,2016-08-13,2016-08-13 11:00:00,2016-08-13 14:00:00,3,0.0816,F3
WashingMachine_085,Washing Machine,2016-08-14,2016-08-14 09:00:00,2016-08-14 12:00:00,3,0.7107,F3
Dryer_088,Dryer,2016-08-14,2016-08-14 13:00:00,2016-08-14 16:00:00,3,1.5503,F3
Dishwasher_123,Dishwasher,2016-08-14,2016-08-14 14:00:00,2016-08-14 16:00:00,2,0.968,F3
WashingMachine_086,Washing Machine,2016-08-17,2016-08-17 17:00:00,2016-08-17 20:00:00,3,1.013,F3
Dishwasher_124,Dishwasher,2016-08-17,2016-08-17 17:00:00,2016-08-17 19:00:00,2,0.8698,F3
Dryer_089,Dryer,2016-08-17,2016-08-17 20:00:00,2016-08-17 23:00:00,3,1.65,F3
WashingMachine_087,Washing Machine,2016-08-18,2016-08-18 20:00:00,2016-08-18 23:00:00,3,0.7252,F3
Dryer_090,Dryer,2016-08-19,2016-08-19 18:00:00,2016-08-19 21:00:00,3,1.5216,F3
Dishwasher_125,Dishwasher,2016-08-19,2016-08-19 18:00:00,2016-08-19 21:00:00,3,0.9978,F3
WashingMachine_088,Washing Machine,2016-08-20,2016-08-20 08:00:00,2016-08-20 12:00:00,4,0.8061,F3
VacuumCleanerRobot_032,Vacuum Cleaner Robot,2016-08-20,2016-08-20 11:00:00,2016-08-20 14:00:00,3,0.0838,F3
Dryer_091,Dryer,2016-08-20,2016-08-20 13:00:00,2016-08-20 17:00:00,4,1.7887,F3
Dishwasher_126,Dishwasher,2016-08-20,2016-08-20 14:00:00,2016-08-20 17:00:00,3,0.8824,F3
Dishwasher_127,Dishwasher,2016-08-21,2016-08-21 20:00:00,2016-08-21 23:00:00,3,0.8879,F3
WashingMachine_089,Washing Machine,2016-08-23,2016-08-23 08:00:00,2016-08-23 11:00:00,3,0.7608,F3
Dryer_092,Dryer,2016-08-23,2016-08-23 17:00:00,2016-08-23 21:00:00,4,1.8774,F3
Dishwasher_128,Dishwasher,2016-08-24,2016-08-24 17:00:00,2016-08-24 20:00:00,3,0.9222,F3
Dishwasher_129,Dishwasher,2016-08-26,2016-08-26 18:00:00,2016-08-26 21:00:00,3,1.0484,F3
WashingMachine_090,Washing Machine,2016-08-26,2016-08-26 20:00:00,2016-08-26 22:00:00,2,0.6376,F3
Dryer_093,Dryer,2016-08-27,2016-08-27 10:00:00,2016-08-27 12:00:00,2,1.5295,F3
Dishwasher_130,Dishwasher,2016-08-28,2016-08-28 08:00:00,2016-08-28 11:00:00,3,1.1681,F3
WashingMachine_091,Washing Machine,2016-08-29,2016-08-29 19:00:00,2016-08-29 22:00:00,3,0.7082,F3
Dryer_094,Dryer,2016-08-30,2016-08-30 17:00:00,2016-08-30 20:00:00,3,1.8928,F3
Dishwasher_131,Dishwasher,2016-08-30,2016-08-30 18:00:00,2016-08-30 21:00:00,3,0.8968,F3
WashingMachine_092,Washing Machine,2016-08-31,2016-08-31 18:00:00,2016-08-31 21:00:00,3,0.97,F3
Dryer_095,Dryer,2016-09-01,2016-09-01 17:00:00,2016-09-01 20:00:00,3,1.6899,F3
WashingMachine_093,Washing Machine,2016-09-01,2016-09-01 19:00:00,2016-09-01 22:00:00,3,0.7202,F3
Dryer_096,Dryer,2016-09-02,2016-09-02 17:00:00,2016-09-02 20:00:00,3,1.7455,F3
Dishwasher_132,Dishwasher,2016-09-02,2016-09-02 17:00:00,2016-09-02 20:00:00,3,0.8857,F3
Dishwasher_133,Dishwasher,2016-09-03,2016-09-03 14:00:00,2016-09-03 17:00:00,3,0.8824,F3
WashingMachine_094,Washing Machine,2016-09-04,2016-09-04 09:00:00,2016-09-04 12:00:00,3,0.6251,F3
Dryer_097,Dryer,2016-09-04,2016-09-04 13:00:00,2016-09-04 16:00:00,3,1.7772,F3
Dishwasher_134,Dishwasher,2016-09-05,2016-09-05 20:00:00,2016-09-05 22:00:00,2,0.9176,F3
Dishwasher_135,Dishwasher,2016-09-07,2016-09-07 18:00:00,2016-09-07 21:00:00,3,0.8871,F3
WashingMachine_095,Washing Machine,2016-09-08,2016-09-08 18:00:00,2016-09-08 21:00:00,3,0.706,F3
Dryer_098,Dryer,2016-09-09,2016-09-09 17:00:00,2016-09-09 20:00:00,3,2.6451,F3
Dishwasher_136,Dishwasher,2016-09-09,2016-09-09 17:00:00,2016-09-09 20:00:00,3,1.0563,F3
WashingMachine_096,Washing Machine,2016-09-10,2016-09-10 09:00:00,2016-09-10 12:00:00,3,1.1101,F3
VacuumCleanerRobot_033,Vacuum Cleaner Robot,2016-09-10,2016-09-10 10:00:00,2016-09-10 14:00:00,4,0.1044,F3
Dryer_099,Dryer,2016-09-10,2016-09-10 14:00:00,2016-09-10 17:00:00,3,1.796,F3
Dishwasher_137,Dishwasher,2016-09-10,2016-09-10 15:00:00,2016-09-10 18:00:00,3,0.8824,F3
WashingMachine_097,Washing Machine,2016-09-10,2016-09-10 15:00:00,2016-09-10 18:00:00,3,0.7247,F3
Dryer_100,Dryer,2016-09-11,2016-09-11 09:00:00,2016-09-11 12:00:00,3,1.8109,F3
Dishwasher_138,Dishwasher,2016-09-12,2016-09-12 18:00:00,2016-09-12 20:00:00,2,0.8484,F3
WashingMachine_098,Washing Machine,2016-09-13,2016-09-13 19:00:00,2016-09-13 22:00:00,3,0.6239,F3
Dryer_101,Dryer,2016-09-14,2016-09-14 18:00:00,2016-09-14 21:00:00,3,1.6211,F3
Dishwasher_139,Dishwasher,2016-09-14,2016-09-14 18:00:00,2016-09-14 21:00:00,3,0.9708,F3
WashingMachine_099,Washing Machine,2016-10-01,2016-10-01 10:00:00,2016-10-01 13:00:00,3,0.6957,F3
Dishwasher_140,Dishwasher,2016-10-01,2016-10-01 11:00:00,2016-10-01 14:00:00,3,0.8957,F3
Dryer_102,Dryer,2016-10-01,2016-10-01 14:00:00,2016-10-01 16:00:00,2,1.4305,F3
VacuumCleanerRobot_034,Vacuum Cleaner Robot,2016-10-01,2016-10-01 20:00:00,2016-10-01 23:00:00,3,0.0901,F3
Dishwasher_141,Dishwasher,2016-10-02,2016-10-02 10:00:00,2016-10-02 14:00:00,4,1.1133,F3
WashingMachine_100,Washing Machine,2016-10-04,2016-10-04 17:00:00,2016-10-04 20:00:00,3,0.6446,F3
Dryer_103,Dryer,2016-10-04,2016-10-04 19:00:00,2016-10-04 22:00:00,3,1.678,F3
Dishwasher_142,Dishwasher,2016-10-05,2016-10-05 18:00:00,2016-10-05 21:00:00,3,1.0988,F3
Dishwasher_143,Dishwasher,2016-10-06,2016-10-06 20:00:00,2016-10-06 22:00:00,2,0.8575,F3
WashingMachine_101,Washing Machine,2016-10-07,2016-10-07 16:00:00,2016-10-07 21:00:00,5,1.6016,F3
Dryer_104,Dryer,2016-10-07,2016-10-07 18:00:00,2016-10-07 21:00:00,3,1.7487,F3
Dishwasher_144,Dishwasher,2016-10-08,2016-10-08 08:00:00,2016-10-08 11:00:00,3,0.8824,F3
Dryer_105,Dryer,2016-10-08,2016-10-08 08:00:00,2016-10-08 11:00:00,3,1.7213,F3
VacuumCleanerRobot_035,Vacuum Cleaner Robot,2016-10-08,2016-10-08 15:00:00,2016-10-08 18:00:00,3,0.0853,F3
Dishwasher_145,Dishwasher,2016-10-09,2016-10-09 16:00:00,2016-10-09 19:00:00,3,0.998,F3
WashingMachine_102,Washing Machine,2016-10-10,2016-10-10 19:00:00,2016-10-10 22:00:00,3,0.7022,F3
Dryer_106,Dryer,2016-10-11,2016-10-11 16:00:00,2016-10-11 19:00:00,3,1.6793,F3
Dishwasher_146,Dishwasher,2016-10-11,2016-10-11 17:00:00,2016-10-11 20:00:00,3,1.0834,F3
WashingMachine_103,Washing Machine,2016-10-13,2016-10-13 17:00:00,2016-10-13 20:00:00,3,0.6967,F3
Dryer_107,Dryer,2016-10-14,2016-10-14 18:00:00,2016-10-14 21:00:00,3,1.9579,F3
Dishwasher_147,Dishwasher,2016-10-14,2016-10-14 19:00:00,2016-10-14 22:00:00,3,1.057,F3
Dishwasher_148,Dishwasher,2016-10-15,2016-10-15 12:00:00,2016-10-15 14:00:00,2,0.9664,F3
VacuumCleanerRobot_036,Vacuum Cleaner Robot,2016-10-15,2016-10-15 13:00:00,2016-10-15 16:00:00,3,0.0819,F3
WashingMachine_104,Washing Machine,2016-10-16,2016-10-16 08:00:00,2016-10-16 11:00:00,3,0.7275,F3
Dryer_108,Dryer,2016-10-16,2016-10-16 13:00:00,2016-10-16 16:00:00,3,2.1061,F3
Dishwasher_149,Dishwasher,2016-10-17,2016-10-17 17:00:00,2016-10-17 20:00:00,3,1.0696,F3
Dishwasher_150,Dishwasher,2016-10-19,2016-10-19 15:00:00,2016-10-19 18:00:00,3,0.9222,F3
WashingMachine_105,Washing Machine,2016-10-19,2016-10-19 16:00:00,2016-10-19 18:00:00,2,1.043,F3
Dryer_109,Dryer,2016-10-19,2016-10-19 18:00:00,2016-10-19 21:00:00,3,1.7671,F3
WashingMachine_106,Washing Machine,2016-10-19,2016-10-19 19:00:00,2016-10-19 22:00:00,3,0.7034,F3
Dryer_110,Dryer,2016-10-21,2016-10-21 08:00:00,2016-10-21 11:00:00,3,1.7011,F3
Dishwasher_151,Dishwasher,2016-10-21,2016-10-21 17:00:00,2016-10-21 19:00:00,2,0.964,F3
Dishwasher_152,Dishwasher,2016-10-22,2016-10-22 11:00:00,2016-10-22 14:00:00,3,1.0983,F3
WashingMachine_107,Washing Machine,2016-10-22,2016-10-22 11:00:00,2016-10-22 14:00:00,3,0.7155,F3
Dryer_111,Dryer,2016-10-22,2016-10-22 15:00:00,2016-10-22 18:00:00,3,1.8643,F3
VacuumCleanerRobot_037,Vacuum Cleaner Robot,2016-10-22,2016-10-22 16:00:00,2016-10-22 19:00:00,3,0.0878,F3
Dishwasher_153,Dishwasher,2016-10-23,2016-10-23 10:00:00,2016-10-23 13:00:00,3,1.0612,F3
Dishwasher_154,Dishwasher,2016-10-25,2016-10-25 16:00:00,2016-10-25 19:00:00,3,1.0324,F3
WashingMachine_108,Washing Machine,2016-10-25,2016-10-25 17:00:00,2016-10-25 20:00:00,3,0.6607,F3
Dryer_112,Dryer,2016-10-26,2016-10-26 17:00:00,2016-10-26 21:00:00,4,1.7784,F3
Dishwasher_155,Dishwasher,2016-10-27,2016-10-27 19:00:00,2016-10-27 22:00:00,3,0.9998,F3
Dishwasher_156,Dishwasher,2016-10-29,2016-10-29 09:00:00,2016-10-29 11:00:00,2,0.7715,F3
WashingMachine_109,Washing Machine,2016-10-29,2016-10-29 09:00:00,2016-10-29 12:00:00,3,0.6561,F3
Dryer_113,Dryer,2016-10-29,2016-10-29 13:00:00,2016-10-29 16:00:00,3,1.4582,F3
VacuumCleanerRobot_038,Vacuum Cleaner Robot,2016-10-29,2016-10-29 19:00:00,2016-10-29 23:00:00,4,0.1025,F3
Dishwasher_157,Dishwasher,2016-10-30,2016-10-30 10:00:00,2016-10-30 13:00:00,3,1.0322,F3
WashingMachine_110,Washing Machine,2016-10-31,2016-10-31 10:00:00,2016-10-31 15:00:00,5,1.645,F3
Dryer_114,Dryer,2016-10-31,2016-10-31 12:00:00,2016-10-31 15:00:00,3,1.4381,F3
Dryer_115,Dryer,2016-10-31,2016-10-31 18:00:00,2016-10-31 21:00:00,3,1.9915,F3
Dishwasher_158,Dishwasher,2016-10-31,2016-10-31 18:00:00,2016-10-31 22:00:00,4,1.0523,F3
Dishwasher_159,Dishwasher,2016-11-02,2016-11-02 09:00:00,2016-11-02 12:00:00,3,1.0215,F3
WashingMachine_111,Washing Machine,2016-11-03,2016-11-03 10:00:00,2016-11-03 13:00:00,3,0.7245,F3
Dishwasher_160,Dishwasher,2016-11-03,2016-11-03 11:00:00,2016-11-03 14:00:00,3,1.0851,F3
Dryer_116,Dryer,2016-11-03,2016-11-03 13:00:00,2016-11-03 16:00:00,3,1.6948,F3
VacuumCleanerRobot_039,Vacuum Cleaner Robot,2016-11-03,2016-11-03 17:00:00,2016-11-03 21:00:00,4,0.1019,F3
Dishwasher_161,Dishwasher,2016-11-05,2016-11-05 08:00:00,2016-11-05 11:00:00,3,1.0337,F3
WashingMachine_112,Washing Machine,2016-11-06,2016-11-06 08:00:00,2016-11-06 12:00:00,4,0.9006,F3
Dishwasher_162,Dishwasher,2016-11-06,2016-11-06 08:00:00,2016-11-06 11:00:00,3,1.0951,F3
Dryer_117,Dryer,2016-11-06,2016-11-06 14:00:00,2016-11-06 17:00:00,3,2.1248,F3
Dishwasher_163,Dishwasher,2016-11-08,2016-11-08 17:00:00,2016-11-08 20:00:00,3,1.073,F3
WashingMachine_113,Washing Machine,2016-11-09,2016-11-09 17:00:00,2016-11-09 20:00:00,3,0.7183,F3
Dryer_118,Dryer,2016-11-09,2016-11-09 19:00:00,2016-11-09 22:00:00,3,1.4151,F3
Dishwasher_164,Dishwasher,2016-11-10,2016-11-10 17:00:00,2016-11-10 20:00:00,3,1.1388,F3
Dishwasher_165,Dishwasher,2016-11-11,2016-11-11 19:00:00,2016-11-11 22:00:00,3,0.9493,F3
WashingMachine_114,Washing Machine,2016-11-12,2016-11-12 08:00:00,2016-11-12 13:00:00,5,1.8903,F3
Dryer_119,Dryer,2016-11-12,2016-11-12 11:00:00,2016-11-12 14:00:00,3,1.5716,F3
VacuumCleanerRobot_040,Vacuum Cleaner Robot,2016-11-12,2016-11-12 12:00:00,2016-11-12 16:00:00,4,0.0906,F3
Dryer_120,Dryer,2016-11-12,2016-11-12 18:00:00,2016-11-12 21:00:00,3,1.6698,F3
Dishwasher_166,Dishwasher,2016-11-13,2016-11-13 09:00:00,2016-11-13 12:00:00,3,0.9741,F3
Dishwasher_167,Dishwasher,2016-11-14,2016-11-14 20:00:00,2016-11-14 23:00:00,3,0.9488,F3
WashingMachine_115,Washing Machine,2016-11-15,2016-11-15 19:00:00,2016-11-15 22:00:00,3,0.722,F3
Dryer_121,Dryer,2016-11-16,2016-11-16 17:00:00,2016-11-16 20:00:00,3,1.4134,F3
Dishwasher_168,Dishwasher,2016-11-17,2016-11-17 19:00:00,2016-11-17 21:00:00,2,0.8426,F3
WashingMachine_116,Washing Machine,2016-11-18,2016-11-18 08:00:00,2016-11-18 11:00:00,3,0.7984,F3
Dryer_122,Dryer,2016-11-18,2016-11-18 17:00:00,2016-11-18 21:00:00,4,1.8541,F3
Dishwasher_169,Dishwasher,2016-11-19,2016-11-19 09:00:00,2016-11-19 12:00:00,3,1.0298,F3
VacuumCleanerRobot_041,Vacuum Cleaner Robot,2016-11-19,2016-11-19 15:00:00,2016-11-19 18:00:00,3,0.0717,F3
Dishwasher_170,Dishwasher,2016-11-20,2016-11-20 08:00:00,2016-11-20 11:00:00,3,1.0492,F3
WashingMachine_117,Washing Machine,2016-11-21,2016-11-21 20:00:00,2016-11-21 23:00:00,3,0.7045,F3
Dryer_123,Dryer,2016-11-22,2016-11-22 16:00:00,2016-11-22 19:00:00,3,1.6827,F3
Dishwasher_171,Dishwasher,2016-11-22,2016-11-22 17:00:00,2016-11-22 20:00:00,3,1.0607,F3
Dishwasher_172,Dishwasher,2016-11-24,2016-11-24 17:00:00,2016-11-24 20:00:00,3,0.9728,F3
WashingMachine_118,Washing Machine,2016-11-24,2016-11-24 18:00:00,2016-11-24 20:00:00,2,0.8748,F3
Dryer_124,Dryer,2016-11-24,2016-11-24 19:00:00,2016-11-24 23:00:00,4,2.1723,F3
WashingMachine_119,Washing Machine,2016-11-26,2016-11-26 08:00:00,2016-11-26 12:00:00,4,0.8432,F3
Dishwasher_173,Dishwasher,2016-11-26,2016-11-26 09:00:00,2016-11-26 12:00:00,3,1.0696,F3
Dryer_125,Dryer,2016-11-26,2016-11-26 11:00:00,2016-11-26 14:00:00,3,1.8997,F3
VacuumCleanerRobot_042,Vacuum Cleaner Robot,2016-11-26,2016-11-26 16:00:00,2016-11-26 20:00:00,4,0.0883,F3
Dishwasher_174,Dishwasher,2016-11-26,2016-11-26 19:00:00,2016-11-26 21:00:00,2,0.9654,F3
WashingMachine_120,Washing Machine,2016-11-27,2016-11-27 09:00:00,2016-11-27 13:00:00,4,0.7985,F3
Dryer_126,Dryer,2016-11-27,2016-11-27 13:00:00,2016-11-27 16:00:00,3,2.2112,F3
Dishwasher_175,Dishwasher,2016-11-29,2016-11-29 20:00:00,2016-11-29 22:00:00,2,0.8779,F3
WashingMachine_121,Washing Machine,2016-11-30,2016-11-30 19:00:00,2016-11-30 22:00:00,3,0.8796,F3
Dryer_127,Dryer,2016-12-01,2016-12-01 17:00:00,2016-12-01 20:00:00,3,1.9151,F3
Dishwasher_176,Dishwasher,2016-12-01,2016-12-01 17:00:00,2016-12-01 20:00:00,3,0.9741,F3
Dishwasher_177,Dishwasher,2016-12-02,2016-12-02 18:00:00,2016-12-02 21:00:00,3,1.1443,F3
WashingMachine_122,Washing Machine,2016-12-03,2016-12-03 08:00:00,2016-12-03 12:00:00,4,0.735,F3
Dryer_128,Dryer,2016-12-03,2016-12-03 14:00:00,2016-12-03 16:00:00,2,1.9911,F3
VacuumCleanerRobot_043,Vacuum Cleaner Robot,2016-12-03,2016-12-03 16:00:00,2016-12-03 19:00:00,3,0.0771,F3
Dishwasher_178,Dishwasher,2016-12-04,2016-12-04 10:00:00,2016-12-04 13:00:00,3,1.0267,F3
WashingMachine_123,Washing Machine,2016-12-06,2016-12-06 17:00:00,2016-12-06 22:00:00,5,1.7532,F3
Dishwasher_179,Dishwasher,2016-12-06,2016-12-06 17:00:00,2016-12-06 20:00:00,3,1.0499,F3
Dryer_129,Dryer,2016-12-06,2016-12-06 19:00:00,2016-12-06 22:00:00,3,1.6878,F3
Dryer_130,Dryer,2016-12-07,2016-12-07 18:00:00,2016-12-07 21:00:00,3,1.5234,F3
Dishwasher_180,Dishwasher,2016-12-08,2016-12-08 16:00:00,2016-12-08 19:00:00,3,0.8813,F3
VacuumCleanerRobot_044,Vacuum Cleaner Robot,2016-12-09,2016-12-09 16:00:00,2016-12-09 19:00:00,3,0.0802,F3
Dishwasher_181,Dishwasher,2016-12-09,2016-12-09 17:00:00,2016-12-09 20:00:00,3,0.9735,F3
WashingMachine_124,Washing Machine,2016-12-09,2016-12-09 18:00:00,2016-12-09 22:00:00,4,0.8148,F3
Dryer_131,Dryer,2016-12-10,2016-12-10 08:00:00,2016-12-10 12:00:00,4,1.9182,F3
Dishwasher_182,Dishwasher,2016-12-10,2016-12-10 19:00:00,2016-12-10 21:00:00,2,0.9665,F3
Dishwasher_183,Dishwasher,2016-12-13,2016-12-13 08:00:00,2016-12-13 11:00:00,3,0.8185,F3
WashingMachine_125,Washing Machine,2016-12-13,2016-12-13 18:00:00,2016-12-13 21:00:00,3,0.6395,F3
Dryer_132,Dryer,2016-12-14,2016-12-14 18:00:00,2016-12-14 21:00:00,3,1.8488,F3
Dishwasher_184,Dishwasher,2016-12-14,2016-12-14 18:00:00,2016-12-14 21:00:00,3,0.8603,F3
WashingMachine_126,Washing Machine,2016-12-15,2016-12-15 19:00:00,2016-12-15 22:00:00,3,0.7659,F3
Dryer_133,Dryer,2016-12-16,2016-12-16 08:00:00,2016-12-16 11:00:00,3,1.9912,F3
Dishwasher_185,Dishwasher,2016-12-16,2016-12-16 17:00:00,2016-12-16 20:00:00,3,0.9987,F3
VacuumCleanerRobot_045,Vacuum Cleaner Robot,2016-12-16,2016-12-16 20:00:00,2016-12-16 23:00:00,3,0.0808,F3
WashingMachine_127,Washing Machine,2016-12-18,2016-12-18 09:00:00,2016-12-18 12:00:00,3,0.9397,F3
Dishwasher_186,Dishwasher,2016-12-18,2016-12-18 09:00:00,2016-12-18 12:00:00,3,0.9998,F3
WashingMachine_128,Washing Machine,2016-12-18,2016-12-18 14:00:00,2016-12-18 17:00:00,3,0.7217,F3
Dryer_134,Dryer,2016-12-18,2016-12-18 14:00:00,2016-12-18 17:00:00,3,1.6336,F3
Dryer_135,Dryer,2016-12-19,2016-12-19 17:00:00,2016-12-19 20:00:00,3,2.177,F3
Dishwasher_187,Dishwasher,2016-12-20,2016-12-20 16:00:00,2016-12-20 19:00:00,3,0.8742,F3
Dishwasher_188,Dishwasher,2016-12-21,2016-12-21 19:00:00,2016-12-21 21:00:00,2,0.7597,F3
WashingMachine_129,Washing Machine,2016-12-21,2016-12-21 20:00:00,2016-12-21 23:00:00,3,0.7002,F3
Dryer_136,Dryer,2016-12-22,2016-12-22 16:00:00,2016-12-22 19:00:00,3,1.6766,F3
Dishwasher_189,Dishwasher,2016-12-23,2016-12-23 16:00:00,2016-12-23 19:00:00,3,0.9493,F3
WashingMachine_130,Washing Machine,2016-12-24,2016-12-24 08:00:00,2016-12-24 11:00:00,3,0.6587,F3
Dryer_137,Dryer,2016-12-24,2016-12-24 11:00:00,2016-12-24 14:00:00,3,1.6988,F3
VacuumCleanerRobot_046,Vacuum Cleaner Robot,2016-12-24,2016-12-24 13:00:00,2016-12-24 16:00:00,3,0.0719,F3
Dishwasher_190,Dishwasher,2016-12-24,2016-12-24 16:00:00,2016-12-24 18:00:00,2,0.8743,F3
Dishwasher_191,Dishwasher,2016-12-26,2016-12-26 10:00:00,2016-12-26 13:00:00,3,1.1344,F3
WashingMachine_131,Washing Machine,2016-12-27,2016-12-27 10:00:00,2016-12-27 13:00:00,3,0.7456,F3
Dryer_138,Dryer,2016-12-27,2016-12-27 12:00:00,2016-12-27 15:00:00,3,1.7288,F3
Dishwasher_192,Dishwasher,2016-12-27,2016-12-27 15:00:00,2016-12-27 18:00:00,3,0.9742,F3
VacuumCleanerRobot_047,Vacuum Cleaner Robot,2016-12-27,2016-12-27 18:00:00,2016-12-27 22:00:00,4,0.0994,F3
Dishwasher_193,Dishwasher,2016-12-28,2016-12-28 13:00:00,2016-12-28 16:00:00,3,0.9719,F3
Dishwasher_194,Dishwasher,2016-12-30,2016-12-30 10:00:00,2016-12-30 13:00:00,3,1.0554,F3
WashingMachine_132,Washing Machine,2016-12-30,2016-12-30 11:00:00,2016-12-30 16:00:00,5,1.5646,F3
Dryer_139,Dryer,2016-12-30,2016-12-30 13:00:00,2016-12-30 15:00:00,2,1.6857,F3
Dryer_140,Dryer,2016-12-30,2016-12-30 19:00:00,2016-12-30 22:00:00,3,1.8728,F3
Dishwasher_195,Dishwasher,2016-12-31,2016-12-31 14:00:00,2016-12-31 17:00:00,3,0.8013,F3
