device,device_id,status,mean_W,kwh_per_day,annual_kwh,runtime_h_per_day,uses_per_day,duty_cycle,issues,suggestions
Heat_Pump,heat_pump,PASS,1757.3365139072625,42.176076333774304,15394.26786182762,18.047619047619047,35.57142857142857,0.49923463043312144,,
Electric_Water_Heater,water_heater,UNKNOWN,252.81765794230736,6.067623790615377,2214.6826835746124,24.0,0.0,0.05134624251703984,No calibration target,
Refrigerator,refrigerator,PASS,55.68834983493427,1.3365203960384224,487.82994455402417,12.0,24.0,0.297674292852736,,
Electric_Stove,electric_stove,PASS,22.188298507041704,0.5325191641690009,194.36949492168534,0.2619047619047619,0.42857142857142855,0.008934907225330543,,
WiFi_Router,wifi_router,PASS,12.007455441516644,0.28817893059639943,105.18530966768579,24.0,0.0,0.856412593149337,,
Electric_Kettle,kettle,UNKNOWN,10.896897923259033,0.26152555015821677,95.45682580774913,0.2619047619047619,1.5714285714285714,0.010547647599697205,No calibration target,
Security_System,security_system,PASS,7.98616310301436,0.1916679144723446,69.95878878240578,24.0,0.0,0.8710671963111086,,
TV_Living_Room,tv_living_room,WARN,6.58196729633148,0.15796721511195552,57.658033515863764,0.9523809523809523,0.2857142857142857,0.052618595779026146,Avg power 6.6W < 50W,Increase active_power_w or duty cycle
Kitchen_Lights,light_kitchen,WARN,5.294212423224421,0.12706109815738612,46.37730082744593,3.261904761904762,1.0,0.12598985112628944,Avg power 5.3W < 10W,Increase active_power_w or duty cycle
EV_Charger_Level_2_7.2kW,ev_charger_level2,UNKNOWN,5.002853532785618,0.12006848478685485,43.82499694720202,0.0,0.0,0.9277215963071918,No calibration target,
Hair_Dryer,hair_dryer,UNKNOWN,4.17724496101086,0.10025387906426064,36.592665858455135,0.09523809523809523,0.5714285714285714,0.0029088414007931176,No calibration target,
Laptop,laptop,WARN,3.15533630022555,0.07572807120541321,27.64074598997582,0.47619047619047616,0.14285714285714285,0.04981707887016043,Avg power 3.2W < 20W,Increase active_power_w or duty cycle
Microwave,microwave,PASS,2.5053344048274644,0.06012802571585914,21.946729386288585,0.09523809523809523,0.5714285714285714,0.003417144014116597,,
TV_Bedroom,tv_bedroom,WARN,1.9974142178143715,0.04793794122754491,17.497348548053893,0.0,0.0,0.9420595570415052,Avg power 2.0W < 30W,Increase active_power_w or duty cycle
Toaster,toaster,PASS,1.8178748703786216,0.043628996889086925,15.924583864516729,0.07142857142857142,0.42857142857142855,0.002962146197260813,,
Coffee_Maker,coffee_maker,PASS,1.6446542887345688,0.03947170292962965,14.407171569314821,0.047619047619047616,0.2857142857142857,0.0017569790491716779,,
Living_Room_Lights,light_living_room,WARN,1.2514628957455185,0.030035109497892443,10.962814966730742,0.5238095238095238,0.14285714285714285,0.020211749318679934,Avg power 1.3W < 15W,Increase active_power_w or duty cycle
Bathroom_Lights,light_bathroom,WARN,0.5806140907206643,0.01393473817729594,5.086179434713018,0.619047619047619,0.5714285714285714,0.022267727036286794,Avg power 0.6W < 5W,Increase active_power_w or duty cycle
Heat_Pump,heat_pump,PASS,1762.5376426582436,42.30090342379784,15439.829749686212,18.023809523809522,35.714285714285715,0.5007292076604148,,
Electric_Water_Heater,water_heater,UNKNOWN,154.83425042332036,3.716022010159688,1356.348033708286,1.4523809523809523,3.5714285714285716,0.02654031656286591,No calibration target,
EV_Charger_Level_2_7.2kW,ev_charger_level2,UNKNOWN,96.21399865331223,2.309135967679494,842.8346282030152,0.3095238095238095,0.14285714285714285,0.012986579938581983,No calibration target,
Refrigerator,refrigerator,PASS,74.03181750772889,1.7767636201854933,648.5187213677051,12.0,24.0,0.40130970343349653,,
Electric_Stove,electric_stove,PASS,22.847528605340663,0.5483406865281759,200.1443505827842,0.2619047619047619,0.42857142857142855,0.008976594395358754,,
WiFi_Router,wifi_router,PASS,11.99506273783775,0.287881505708106,105.07674958345869,24.0,0.0,0.8003820957707574,,
Security_System,security_system,PASS,7.978320954334524,0.19147970290402855,69.89009155997041,24.0,0.0,0.8606543652366434,,
TV_Living_Room,tv_living_room,WARN,6.8861097452261335,0.16526663388542717,60.322321368180916,1.0,0.2857142857142857,0.05478460378307264,Avg power 6.9W < 50W,Increase active_power_w or duty cycle
Laptop,laptop,WARN,5.6695927335527205,0.1360702256052653,49.665632345921836,1.5238095238095237,0.42857142857142855,0.09020939668016342,Avg power 5.7W < 20W,Increase active_power_w or duty cycle
Living_Room_Lights,light_living_room,WARN,4.45135915132384,0.10683261963177214,38.99390616559683,1.8333333333333333,0.42857142857142855,0.06894057361269669,Avg power 4.5W < 15W,Increase active_power_w or duty cycle
TV_Bedroom,tv_bedroom,WARN,2.6048370356624795,0.0625160888558995,22.81837243240332,0.19047619047619047,0.14285714285714285,0.031722610028903954,Avg power 2.6W < 30W,Increase active_power_w or duty cycle
Coffee_Maker,coffee_maker,PASS,2.29252971009611,0.055020713042306636,20.082560260441923,0.07142857142857142,0.42857142857142855,0.002339024288206934,,
Hair_Dryer,hair_dryer,UNKNOWN,2.156946999117594,0.05176672797882226,18.894855712270125,0.047619047619047616,0.14285714285714285,0.0011902861992357273,No calibration target,
Electric_Kettle,kettle,UNKNOWN,2.022617743236174,0.04854282583766817,17.718131430748883,0.047619047619047616,0.2857142857142857,0.001977409956851115,No calibration target,
Kitchen_Lights,light_kitchen,WARN,1.6201610090595677,0.03888386421742962,14.192610439361811,1.0,0.42857142857142855,0.03906756033654414,Avg power 1.6W < 10W,Increase active_power_w or duty cycle
Bathroom_Lights,light_bathroom,WARN,1.4074592607677616,0.03377902225842628,12.329343124325591,1.476190476190476,1.1428571428571428,0.05358992448108743,Avg power 1.4W < 5W,Increase active_power_w or duty cycle
Microwave,microwave,PASS,1.1887486702279746,0.028529968085471386,10.413438351197057,0.047619047619047616,0.2857142857142857,0.0019648029643948533,,
Heat_Pump,heat_pump,PASS,1759.9735809647514,42.23936594315403,15417.368569251219,18.071428571428573,35.57142857142857,0.4999924083232044,,
EV_Charger_Level_2_7.2kW,ev_charger_level2,UNKNOWN,264.6108401734744,6.3506601641633855,2317.9909599196358,0.9047619047619048,0.2857142857142857,0.035567965619503455,No calibration target,
Electric_Water_Heater,water_heater,UNKNOWN,246.95475858219265,5.926914205972623,2163.3236851800075,24.0,0.0,0.049861964198023453,No calibration target,
Refrigerator,refrigerator,PASS,55.67311488531457,1.3361547572475498,487.6964863953557,12.0,24.0,0.29758821969104277,,
Freezer,freezer,PASS,35.27179724072285,0.8465231337773483,308.98094382873217,12.0,23.857142857142858,0.2819643833959563,,
Electric_Stove,electric_stove,PASS,13.97328684834962,0.3353588843603909,122.40599279154269,0.16666666666666666,0.2857142857142857,0.005611155994293621,,
Gaming_Console_PlayStation_Xbox,gaming_console,WARN,12.759797701647864,0.3062351448395487,111.77582786643528,0.5,0.2857142857142857,0.08194373011725747,Avg power 12.8W < 50W,Increase active_power_w or duty cycle
WiFi_Router,wifi_router,PASS,11.948250187644149,0.28675800450345956,104.66667164376274,24.0,0.0,0.8481952414240223,,
Electric_Oven,oven,UNKNOWN,9.212415469695738,0.2210979712726977,80.70075951453467,0.09523809523809523,0.14285714285714285,0.00369306449262893,No calibration target,
Security_System,security_system,PASS,7.983014944040446,0.1915923586569707,69.9312109097943,24.0,0.0,0.8418891435125198,,
Laptop,laptop,WARN,7.8508425520466,0.1884202212491184,68.77338075592822,24.0,0.0,0.11795390929453385,Avg power 7.9W < 20W; Runtime 24.0h > 12h/day,Increase active_power_w or duty cycle; Reduce expected_uses_per_day or avg_duration_min
Living_Room_Lights,light_living_room,WARN,7.521061437808405,0.18050547450740173,65.88449819520163,3.0476190476190474,0.7142857142857143,0.11855719400948707,Avg power 7.5W < 15W,Increase active_power_w or duty cycle
Dishwasher,dishwasher,PASS,5.858756850381537,0.14061016440915688,51.322710009342266,0.11904761904761904,0.14285714285714285,0.004677037289342539,,
Stereo_System,stereo_system,UNKNOWN,5.494095668154225,0.1318582960357014,48.12827805303101,0.16666666666666666,0.14285714285714285,0.066038123597574,No calibration target,
Hair_Dryer,hair_dryer,UNKNOWN,5.10408055698005,0.12249793336752121,44.711745679145245,0.09523809523809523,0.42857142857142855,0.002891418986256984,No calibration target,
Electric_Kettle,kettle,UNKNOWN,4.951907206801082,0.11884577296322597,43.37870713157748,0.11904761904761904,0.7142857142857143,0.004896203600380198,No calibration target,
TV_Living_Room,tv_living_room,WARN,4.114817496704444,0.09875561992090665,36.04580127113093,0.42857142857142855,0.14285714285714285,0.03285229873910908,Avg power 4.1W < 50W,Increase active_power_w or duty cycle
Outdoor_Lights,light_outdoor,UNKNOWN,3.124119221487358,0.0749788613156966,27.36728438022926,2.1666666666666665,0.2857142857142857,0.08430441407342897,No calibration target,
Microwave,microwave,PASS,2.136447482657742,0.05127473958378581,18.71527994808182,0.07142857142857142,0.42857142857142855,0.0025754039868622395,,
TV_Bedroom,tv_bedroom,WARN,2.000820553258299,0.048019693278199174,17.527188046542697,0.0,0.0,0.9388181788890978,Avg power 2.0W < 30W,Increase active_power_w or duty cycle
Toaster,toaster,PASS,1.2073332138727386,0.028975997132945724,10.57623895352519,0.047619047619047616,0.2857142857142857,0.0019663719818712555,,
Electric_Shaver,electric_shaver,UNKNOWN,1.0000740149558995,0.024001776358941584,8.760648371013678,0.0,0.0,0.9460789687502684,No calibration target,
Kitchen_Lights,light_kitchen,WARN,0.8358336677920929,0.020060008027010228,7.321902929858733,0.5238095238095238,0.14285714285714285,0.020108361953071644,Avg power 0.8W < 10W,Increase active_power_w or duty cycle
Bathroom_Lights,light_bathroom,WARN,0.7781808801230657,0.018676341122953577,6.816864509878055,0.8095238095238094,0.5714285714285714,0.0301203914035242,Avg power 0.8W < 5W,Increase active_power_w or duty cycle
Heat_Pump,heat_pump,PASS,1768.8383688935464,42.452120853445116,15495.024111507468,18.0,36.0,0.5025397611763065,,
Electric_Water_Heater,water_heater,UNKNOWN,153.24720196560173,3.677932847174442,1342.4454892186714,1.4285714285714286,3.4285714285714284,0.026138532143190313,No calibration target,
Refrigerator,refrigerator,PASS,74.50178632535822,1.7880428718085974,652.635648210138,12.0,24.0,0.4039648944935493,,
Freezer,freezer,PASS,47.66068896233859,1.1438565350961263,417.5076353100861,12.0,23.857142857142858,0.38695499120625926,,
Electric_Stove,electric_stove,PASS,19.39801209585235,0.4655522903004564,169.9265859596666,0.23809523809523808,0.42857142857142855,0.0077928570796462196,,
WiFi_Router,wifi_router,PASS,12.011368903213947,0.28827285367713473,105.21959159215417,24.0,0.0,0.8757465123551345,,
Gaming_Console_PlayStation_Xbox,gaming_console,WARN,11.350042223814729,0.2724010133715535,99.42636988061702,0.23809523809523808,0.14285714285714285,0.07386016488030245,Avg power 11.4W < 50W,Increase active_power_w or duty cycle
Laptop,laptop,WARN,10.70059628887638,0.2568143109330331,93.73722349055707,24.0,0.0,0.16269653779454898,Avg power 10.7W < 20W; Runtime 24.0h > 12h/day,Increase active_power_w or duty cycle; Reduce expected_uses_per_day or avg_duration_min
Security_System,security_system,PASS,7.967762457452541,0.19122629897886098,69.79759912728426,24.0,0.0,0.8477514943378658,,
Stereo_System,stereo_system,UNKNOWN,5.496108828827864,0.13190661189186872,48.14591334053208,0.16666666666666666,0.14285714285714285,0.06606232145677003,No calibration target,
EV_Charger_Level_2_7.2kW,ev_charger_level2,UNKNOWN,5.0029232688035545,0.12007015845128531,43.825607834719136,0.0,0.0,0.9317883962873845,No calibration target,
TV_Living_Room,tv_living_room,WARN,4.031477773474847,0.0967554665633963,35.31574529563965,0.42857142857142855,0.14285714285714285,0.03247927841388094,Avg power 4.0W < 50W,Increase active_power_w or duty cycle
Vacuum_Cleaner,vacuum_cleaner,PASS,3.845937682189498,0.09230250437254794,33.69041409598,0.09523809523809523,0.14285714285714285,0.0032673751647852253,,
Hair_Dryer,hair_dryer,UNKNOWN,3.5783353868113985,0.08588004928347355,31.346217988467846,0.07142857142857142,0.2857142857142857,0.0019808802001158215,No calibration target,
Microwave,microwave,PASS,3.218649316359203,0.07724758359262086,28.195368011306616,0.11904761904761904,0.7142857142857143,0.0038799560246390846,,
Washing_Machine,washing_machine,PASS,2.951788720712038,0.07084292929708891,25.857669193437452,0.14285714285714285,0.14285714285714285,0.005444847303319538,,
Living_Room_Lights,light_living_room,WARN,2.0878834973758087,0.05010920393701941,18.289859437012087,0.8571428571428571,0.2857142857142857,0.03333574263135062,Avg power 2.1W < 15W,Increase active_power_w or duty cycle
TV_Bedroom,tv_bedroom,WARN,2.0000100427704344,0.04800024102649042,17.520087974669003,0.0,0.0,0.9393276643842904,Avg power 2.0W < 30W,Increase active_power_w or duty cycle
Outdoor_Lights,light_outdoor,UNKNOWN,1.9941518353664411,0.04785964404879459,17.468770077810028,1.380952380952381,0.14285714285714285,0.05375801557970684,No calibration target,
Electric_Kettle,kettle,UNKNOWN,1.9820282526254753,0.04756867806301141,17.362567492999165,0.047619047619047616,0.2857142857142857,0.00195560422534994,No calibration target,
Electric_Shaver,electric_shaver,UNKNOWN,1.0000875744213769,0.02400210178611304,8.76076715193126,0.0,0.0,0.9411291080902163,No calibration target,
Toaster,toaster,PASS,0.6091173060241704,0.01461881534458009,5.335867600771733,0.023809523809523808,0.14285714285714285,0.000992063492063492,,
Heat_Pump,heat_pump,PASS,1770.0910303498358,42.482184728396064,15505.997425864563,18.0,36.0,0.5028997213648954,,
Electric_Water_Heater,water_heater,UNKNOWN,247.5338464150131,5.940812313960314,2168.3964945955145,24.0,0.0,0.050008568712661544,No calibration target,
Refrigerator,refrigerator,PASS,55.67435541093249,1.3361845298623796,487.7073533997685,12.0,24.0,0.29759522831035307,,
Freezer,freezer,PASS,35.1770315200872,0.8442487564820927,308.15079611596383,12.0,23.857142857142858,0.2811612840685356,,
Dishwasher,dishwasher,PASS,23.754287442190254,0.5701028986125661,208.08755799358664,0.5,0.2857142857142857,0.01904643373445622,,
Electric_Stove,electric_stove,PASS,17.87974718936918,0.42911393254486024,156.62658537887398,0.21428571428571427,0.42857142857142855,0.007171763638968937,,
Desktop_Computer,desktop_computer,WARN,12.748238070478653,0.3059577136914876,111.67456549739298,0.9761904761904762,0.2857142857142857,0.06048503259410823,Avg power 12.7W < 100W,Increase active_power_w or duty cycle
WiFi_Router,wifi_router,PASS,12.017518525213818,0.2884204446051316,105.27346228087303,24.0,0.0,0.850583416012949,,
Clothes_Dryer,dryer,PASS,11.834173678188563,0.2840201682765255,103.6673614209318,0.09523809523809523,0.14285714285714285,0.0038048043199151193,,
Gaming_Console_PlayStation_Xbox,gaming_console,WARN,11.520056784306899,0.27648136282336555,100.91569743052843,0.2619047619047619,0.14285714285714285,0.074734191525077,Avg power 11.5W < 50W,Increase active_power_w or duty cycle
Laptop,laptop,WARN,9.662743602353366,0.2319058464564808,84.64563395661548,24.0,0.0,0.14526198605083382,Avg power 9.7W < 20W; Runtime 24.0h > 12h/day,Increase active_power_w or duty cycle; Reduce expected_uses_per_day or avg_duration_min
TV_Living_Room,tv_living_room,WARN,8.164435026521865,0.19594644063652472,71.52045083233152,1.2619047619047616,0.2857142857142857,0.06447736895377726,Avg power 8.2W < 50W,Increase active_power_w or duty cycle
Security_System,security_system,PASS,8.001530043673254,0.1920367210481581,70.09340318257772,24.0,0.0,0.8438793036663021,,
Kitchen_Lights,light_kitchen,WARN,6.02567213106146,0.14461613114547503,52.78488786809839,3.6904761904761902,1.1428571428571428,0.14328920004166001,Avg power 6.0W < 10W,Increase active_power_w or duty cycle
Living_Room_Lights,light_living_room,WARN,5.912463598063004,0.1418991263535121,51.793181119031914,2.4047619047619047,0.5714285714285714,0.09439873666547463,Avg power 5.9W < 15W,Increase active_power_w or duty cycle
Printer,printer,UNKNOWN,5.295902822467019,0.12710166773920845,46.39210872481108,0.047619047619047616,0.2857142857142857,0.03394238995307697,No calibration target,
Stereo_System,stereo_system,UNKNOWN,5.001251169123392,0.12003002805896139,43.81096024152091,0.0,0.0,0.9453635308681211,No calibration target,
Electric_Kettle,kettle,UNKNOWN,3.9534625246010777,0.09488310059042586,34.63233171550544,0.09523809523809523,0.5714285714285714,0.0038979614651877058,No calibration target,
TV_Bedroom,tv_bedroom,WARN,3.145759869816622,0.07549823687559891,27.5568564595936,0.38095238095238093,0.2857142857142857,0.03829808474606758,Avg power 3.1W < 30W,Increase active_power_w or duty cycle
Microwave,microwave,PASS,2.6342339782862405,0.06322161547886977,23.075889649787467,0.09523809523809523,0.5714285714285714,0.0036275274646968988,,
Coffee_Maker,coffee_maker,PASS,2.6236234009920842,0.06296696162381002,22.982940992690658,0.07142857142857142,0.42857142857142855,0.00280517783839129,,
Bedroom_Lights,light_bedroom,WARN,1.9394793270444055,0.04654750384906573,16.989838904908993,1.5238095238095237,0.8571428571428571,0.03223157117733503,Avg power 1.9W < 5W,Increase active_power_w or duty cycle
Outdoor_Lights,light_outdoor,UNKNOWN,1.2955143023627447,0.03109234325670587,11.348705288697643,0.9047619047619048,0.14285714285714285,0.0354634662483086,No calibration target,
Electric_Shaver,electric_shaver,UNKNOWN,1.0062052806344903,0.024148926735227765,8.814358258358133,0.023809523809523808,0.14285714285714285,0.12625960167317124,No calibration target,
Toaster,toaster,PASS,0.6047025051404779,0.014512860123371468,5.297193945030586,0.023809523809523808,0.14285714285714285,0.0009920634920634922,,
Bathroom_Lights,light_bathroom,WARN,0.5633596033108927,0.013520630479461424,4.935030125003419,0.5952380952380951,0.5714285714285714,0.021789583502212415,Avg power 0.6W < 5W,Increase active_power_w or duty cycle
Heat_Pump,heat_pump,PASS,1764.6402838686417,42.351366812847395,15458.2488866893,18.071428571428573,35.57142857142857,0.5013334149047821,,
Electric_Water_Heater,water_heater,UNKNOWN,151.72863064438866,3.641487135465328,1329.1428044448446,1.4285714285714286,3.4285714285714284,0.025754083707440166,No calibration target,
Refrigerator,refrigerator,PASS,74.15351875276045,1.7796844500662505,649.5848242741814,12.0,24.0,0.4019972810890421,,
Freezer,freezer,PASS,47.40163391373195,1.1376392139295668,415.23831308429186,12.0,23.857142857142858,0.38475960943840637,,
Electric_Stove,electric_stove,PASS,28.122340728304838,0.6749361774793161,246.35170477995038,0.3333333333333333,0.7142857142857143,0.011280180784539807,,
Clothes_Dryer,dryer,PASS,16.78149220358807,0.4027558128861137,147.0058717034315,0.14285714285714285,0.14285714285714285,0.0054708771111580635,,
WiFi_Router,wifi_router,PASS,12.01815710161302,0.2884357704387125,105.27905621013007,24.0,0.0,0.8806452350647902,,
Gaming_Console_PlayStation_Xbox,gaming_console,WARN,11.930525287255412,0.28633260689412987,104.51140151635741,0.3333333333333333,0.14285714285714285,0.07658875142721079,Avg power 11.9W < 50W,Increase active_power_w or duty cycle
Desktop_Computer,desktop_computer,WARN,9.35469252543039,0.22451262061032937,81.94710652277021,0.5476190476190476,0.14285714285714285,0.044261750151463594,Avg power 9.4W < 100W,Increase active_power_w or duty cycle
Laptop,laptop,WARN,8.547566117272346,0.20514158681453631,74.87667918730575,24.0,0.0,0.13144380590441565,Avg power 8.5W < 20W; Runtime 24.0h > 12h/day,Increase active_power_w or duty cycle; Reduce expected_uses_per_day or avg_duration_min
TV_Living_Room,tv_living_room,WARN,8.344104323340481,0.20025850376017154,73.09435387246262,1.2857142857142858,0.2857142857142857,0.06648796102196702,Avg power 8.3W < 50W,Increase active_power_w or duty cycle
Security_System,security_system,PASS,8.015165970903219,0.19236398330167725,70.2128539051122,24.0,0.0,0.8338790955812859,,
Outdoor_Lights,light_outdoor,UNKNOWN,5.302633348829856,0.12726320037191655,46.45106813574954,3.6666666666666665,0.42857142857142855,0.1442251328857387,No calibration target,
Printer,printer,UNKNOWN,5.302312009045689,0.12725548821709654,46.448253199240234,0.047619047619047616,0.2857142857142857,0.033855500730389655,No calibration target,
Stereo_System,stereo_system,UNKNOWN,5.0041244893838694,0.12009898774521287,43.836130527002695,0.0,0.0,0.9467552902595497,No calibration target,
Living_Room_Lights,light_living_room,WARN,3.354254311679591,0.08050210348031017,29.383267770313214,1.3571428571428572,0.2857142857142857,0.053687669216950756,Avg power 3.4W < 15W,Increase active_power_w or duty cycle
TV_Bedroom,tv_bedroom,WARN,2.8017224708075963,0.06724133929938231,24.543088844274543,0.2619047619047619,0.14285714285714285,0.034109598018429214,Avg power 2.8W < 30W,Increase active_power_w or duty cycle
Coffee_Maker,coffee_maker,PASS,2.388490772107968,0.05732377853059123,20.9231791636658,0.07142857142857142,0.42857142857142855,0.002378775309497236,,
Bedroom_Lights,light_bedroom,WARN,2.379839350221307,0.05711614440531137,20.84739270793865,1.8571428571428572,1.0,0.03844932881998552,Avg power 2.4W < 5W,Increase active_power_w or duty cycle
Washing_Machine,washing_machine,PASS,2.2923558888524567,0.055016541332458965,20.081037586347524,0.11904761904761904,0.14285714285714285,0.00418658874316779,,
Electric_Kettle,kettle,UNKNOWN,1.9434515841283704,0.04664283801908089,17.024635876964524,0.047619047619047616,0.2857142857142857,0.0019814113655854016,No calibration target,
Microwave,microwave,PASS,1.8125987093549667,0.04350236902451919,15.878364693949505,0.07142857142857142,0.42857142857142855,0.002956315144489273,,
Electric_Shaver,electric_shaver,UNKNOWN,1.0001522015266826,0.02400365283664038,8.761333285373738,0.0,0.0,0.9403041286036545,No calibration target,
Toaster,toaster,PASS,0.6047025051404779,0.014512860123371468,5.297193945030586,0.023809523809523808,0.14285714285714285,0.0009920634920634922,,
Bathroom_Lights,light_bathroom,WARN,0.4267063372282377,0.010240952093477704,3.737947514119362,0.4523809523809524,0.42857142857142855,0.01623944419302298,Avg power 0.4W < 5W,Increase active_power_w or duty cycle
Heat_Pump,heat_pump,PASS,1757.7384841421706,42.185723619412094,15397.789121085414,18.023809523809522,35.857142857142854,0.4993501391213134,,
Electric_Water_Heater,water_heater,UNKNOWN,247.59410735473784,5.942258576513708,2168.9243804275034,24.0,0.0,0.05002382464676908,No calibration target,
Refrigerator,refrigerator,PASS,55.949621769484025,1.3427909224676164,490.11868670068003,12.0,24.0,0.29915040547731087,,
Freezer,freezer,PASS,35.17316741633494,0.8441560179920387,308.1169465670941,12.0,23.857142857142858,0.2811285374265673,,
Electric_Stove,electric_stove,PASS,14.885251657393887,0.3572460397774533,130.39480451877046,0.16666666666666666,0.42857142857142855,0.006039353591304168,,
Gaming_Console_PlayStation_Xbox,gaming_console,WARN,14.646439322213613,0.35151454373312674,128.30280846259126,0.8095238095238094,0.42857142857142855,0.09345974833472308,Avg power 14.6W < 50W,Increase active_power_w or duty cycle
Desktop_Computer,desktop_computer,WARN,12.175963276454842,0.2922231186349162,106.66143830174441,0.8809523809523808,0.2857142857142857,0.057246813776473414,Avg power 12.2W < 100W,Increase active_power_w or duty cycle
WiFi_Router,wifi_router,PASS,12.012188304205504,0.2882925193009321,105.22676954484021,24.0,0.0,0.8342080123947385,,
Clothes_Dryer,dryer,PASS,11.995836486086358,0.28790007566607256,105.08352761811649,0.09523809523809523,0.14285714285714285,0.003930813328281661,,
Security_System,security_system,PASS,8.00446124946311,0.19210706998711463,70.11908054529684,24.0,0.0,0.8537258584150114,,
Laptop,laptop,WARN,7.402801692959007,0.17766724063101616,64.8485428303209,24.0,0.0,0.11252786757028636,Avg power 7.4W < 20W; Runtime 24.0h > 12h/day,Increase active_power_w or duty cycle; Reduce expected_uses_per_day or avg_duration_min
Washing_Machine,washing_machine,PASS,6.500549653323015,0.15601319167975233,56.9448149631096,0.3095238095238095,0.2857142857142857,0.011631644991179808,,
TV_Bedroom,tv_bedroom,WARN,6.02432024070655,0.14458368577695718,52.773045308589374,24.0,0.0,0.06957271825859761,Avg power 6.0W < 30W; Runtime 24.0h > 4h/day,Increase active_power_w or duty cycle; Reduce expected_uses_per_day or avg_duration_min
Hair_Dryer,hair_dryer,UNKNOWN,5.591196908157843,0.13418872579578825,48.978884915462714,0.09523809523809523,0.5714285714285714,0.0030752984785203416,No calibration target,
Living_Room_Lights,light_living_room,WARN,5.304781292612882,0.12731475102270914,46.469884123288836,2.142857142857143,0.42857142857142855,0.08461538408558686,Avg power 5.3W < 15W,Increase active_power_w or duty cycle
Stereo_System,stereo_system,UNKNOWN,4.998639754897279,0.11996735411753469,43.78808425290016,0.0,0.0,0.9361076887885244,No calibration target,
Printer,printer,UNKNOWN,4.99792748867653,0.11995025972823671,43.7818448008064,0.0,0.0,0.9430797746603686,No calibration target,
Outdoor_Lights,light_outdoor,UNKNOWN,4.643628576914156,0.11144708584593974,40.678186333768004,3.2142857142857144,0.42857142857142855,0.12620808735311514,No calibration target,
Microwave,microwave,PASS,4.567526280465622,0.10962063073117492,40.011530216878846,0.16666666666666666,1.0,0.006140449700826429,,
TV_Living_Room,tv_living_room,WARN,3.7987351574954347,0.09116964377989042,33.27691997966001,0.38095238095238093,0.14285714285714285,0.030629182316409577,Avg power 3.8W < 50W,Increase active_power_w or duty cycle
Kitchen_Lights,light_kitchen,WARN,3.3363909879406037,0.08007338371057449,29.226785054359688,2.0238095238095237,0.5714285714285714,0.0787087685460262,Avg power 3.3W < 10W,Increase active_power_w or duty cycle
Electric_Kettle,kettle,UNKNOWN,2.9767315693514065,0.07144155766443375,26.076168547518318,0.07142857142857142,0.42857142857142855,0.002903583570239268,No calibration target,
Coffee_Maker,coffee_maker,PASS,2.1398227287954494,0.05135574549109078,18.744847104248134,0.07142857142857142,0.42857142857142855,0.0021965464901928006,,
Bedroom_Lights,light_bedroom,WARN,1.3380705216508344,0.03211369251962002,11.721497769661307,1.0476190476190477,0.5714285714285714,0.021941660489134433,Avg power 1.3W < 5W,Increase active_power_w or duty cycle
Bathroom_Lights,light_bathroom,WARN,1.2513138013814453,0.03003153123315469,10.961508900101462,1.0952380952380951,0.8571428571428571,0.024840807879998792,Avg power 1.3W < 5W,Increase active_power_w or duty cycle
Electric_Shaver,electric_shaver,UNKNOWN,1.0075771187832008,0.024181850850796816,8.826375560540837,0.023809523809523808,0.14285714285714285,0.1254900619347815,No calibration target,
Toaster,toaster,PASS,0.5920619551872603,0.014209486924494247,5.1864627274404,0.023809523809523808,0.14285714285714285,0.000992063492063492,,
Heat_Pump,heat_pump,PASS,1760.6577078855591,42.25578498925342,15423.361521077499,18.023809523809522,35.857142857142854,0.5001889965188389,,
Electric_Water_Heater,water_heater,UNKNOWN,152.28809433740508,3.6549142640977217,1334.0437063956683,1.4285714285714286,3.4285714285714284,0.02589572008541901,No calibration target,
Refrigerator,refrigerator,PASS,74.45537049661286,1.7869288919187085,652.2290455503286,12.0,24.0,0.403702658172954,,
Freezer,freezer,PASS,47.48785135154654,1.139708432437117,415.9935778395477,12.0,23.857142857142858,0.38549026569107236,,
Dishwasher,dishwasher,PASS,13.83753606521112,0.33210086556506685,121.2168159312494,0.2857142857142857,0.14285714285714285,0.011112565020417334,,
WiFi_Router,wifi_router,PASS,12.021777687694035,0.28852266450465686,105.31077254419975,24.0,0.0,0.8590198697318224,,
Electric_Stove,electric_stove,PASS,11.000115390407169,0.2640027693697721,96.36101081996681,0.14285714285714285,0.2857142857142857,0.004397566283423555,,
Gaming_Console_PlayStation_Xbox,gaming_console,WARN,10.960728389177545,0.263057481340261,96.01598068919527,0.16666666666666666,0.14285714285714285,0.07069955038420848,Avg power 11.0W < 50W,Increase active_power_w or duty cycle
Desktop_Computer,desktop_computer,WARN,10.946780352072668,0.26272272844974404,95.89379588415657,0.738095238095238,0.2857142857142857,0.0530073547779464,Avg power 10.9W < 100W,Increase active_power_w or duty cycle
Security_System,security_system,PASS,7.984637233334724,0.19163129360003334,69.94542216401217,24.0,0.0,0.8454908514855544,,
Laptop,laptop,WARN,6.091744212894034,0.14620186110945682,53.36367930495174,24.0,0.0,0.09147449898937893,Avg power 6.1W < 20W; Runtime 24.0h > 12h/day,Increase active_power_w or duty cycle; Reduce expected_uses_per_day or avg_duration_min
TV_Living_Room,tv_living_room,WARN,6.059762820710769,0.14543430769705842,53.08352230942632,0.8571428571428571,0.2857142857142857,0.04821034189618948,Avg power 6.1W < 50W,Increase active_power_w or duty cycle
Stereo_System,stereo_system,UNKNOWN,5.8461327258491975,0.14030718542038073,51.212122678438966,0.2857142857142857,0.14285714285714285,0.07023484099053262,No calibration target,
Printer,printer,UNKNOWN,5.001318638173752,0.12003164731617004,43.81155127040206,0.0,0.0,0.94120277240446,No calibration target,
Outdoor_Lights,light_outdoor,UNKNOWN,4.311886051490417,0.10348526523577,37.772121811056046,3.0,0.42857142857142855,0.1180011489724092,No calibration target,
Washing_Machine,washing_machine,PASS,4.197574209898011,0.10074178103755227,36.77075007870658,0.21428571428571427,0.2857142857142857,0.007542477894909639,,
Electric_Kettle,kettle,UNKNOWN,4.014937188882517,0.0963584925331804,35.17084977461085,0.09523809523809523,0.5714285714285714,0.0038412126211024643,No calibration target,
TV_Bedroom,tv_bedroom,WARN,3.998761099803955,0.09597026639529492,35.02914723428265,24.0,0.0,0.94864240740124,Avg power 4.0W < 30W; Runtime 24.0h > 4h/day,Increase active_power_w or duty cycle; Reduce expected_uses_per_day or avg_duration_min
Microwave,microwave,PASS,3.025173766967137,0.0726041704072113,26.500522198632126,0.11904761904761904,0.7142857142857143,0.0048767338555406265,,
Coffee_Maker,coffee_maker,PASS,2.3566693893363637,0.05656006534407273,20.644423850586545,0.07142857142857142,0.42857142857142855,0.002419141457855987,,
Kitchen_Lights,light_kitchen,WARN,2.33202616002058,0.05596862784049391,20.42854916178028,1.4523809523809523,0.42857142857142855,0.05527548762440772,Avg power 2.3W < 10W,Increase active_power_w or duty cycle
Hair_Dryer,hair_dryer,UNKNOWN,2.025499216442059,0.04861198119460941,17.743373136032435,0.047619047619047616,0.14285714285714285,0.0010934176460409618,No calibration target,
Electric_Shaver,electric_shaver,UNKNOWN,1.0067725226448807,0.024162540543477138,8.819327298369155,0.023809523809523808,0.14285714285714285,0.12352839460005863,No calibration target,
Bathroom_Lights,light_bathroom,WARN,0.6697497122642904,0.016073993094342966,5.867007479435182,0.7142857142857143,0.8571428571428571,0.025422346424588557,Avg power 0.7W < 5W,Increase active_power_w or duty cycle
Heat_Pump,heat_pump,PASS,1760.5533792968392,42.253281103124145,15422.447602640314,18.071428571428573,35.57142857142857,0.5001590170393216,,
Electric_Water_Heater,water_heater,UNKNOWN,246.8804624763765,5.9251310994330355,2162.672851293058,24.0,0.0,0.049843155057310504,No calibration target,
Refrigerator,refrigerator,PASS,56.063962584268154,1.3455351020224353,491.1203122381889,12.0,24.0,0.29979639878117603,,
Freezer,freezer,PASS,35.043993349477006,0.8410558403874481,306.98538174141856,12.0,23.857142857142858,0.28003384194472036,,
Clothes_Dryer,dryer,PASS,19.83019860809308,0.47592476659423394,173.7125398068954,0.16666666666666666,0.14285714285714285,0.006425476588976613,,
Electric_Stove,electric_stove,PASS,14.693091431211995,0.3526341943490879,128.71148093741706,0.16666666666666666,0.42857142857142855,0.005933333829751039,,
WiFi_Router,wifi_router,PASS,12.009269846514766,0.2882224763163544,105.20120385546936,24.0,0.0,0.8650340644846058,,
TV_Living_Room,tv_living_room,WARN,10.421239829691409,0.2501097559125938,91.29006090809675,1.738095238095238,0.42857142857142855,0.08272517022903392,Avg power 10.4W < 50W,Increase active_power_w or duty cycle
Dishwasher,dishwasher,PASS,9.384618377973478,0.22523084107136349,82.20925699104767,0.19047619047619047,0.14285714285714285,0.007497824227834644,,
Security_System,security_system,PASS,8.004847386308255,0.19211633727139812,70.12246310406032,24.0,0.0,0.8618902708401115,,
Electric_Kettle,kettle,UNKNOWN,6.979899369910401,0.1675175848778496,61.1439184804151,0.16666666666666666,1.0,0.006759032830431651,No calibration target,
Outdoor_Lights,light_outdoor,UNKNOWN,5.616393886809899,0.1347934532834376,49.19961044845472,3.8809523809523805,0.42857142857142855,0.15077259080649022,No calibration target,
Laptop,laptop,WARN,5.491606301565329,0.13179855123756787,48.106471201712274,1.4523809523809523,0.42857142857142855,0.08695378160664398,Avg power 5.5W < 20W,Increase active_power_w or duty cycle
Microwave,microwave,PASS,5.04442051034816,0.12106609224835582,44.18912367064988,0.16666666666666666,1.0,0.005165517113860847,,
Stereo_System,stereo_system,UNKNOWN,5.003640976883768,0.12008738344521043,43.83189495750181,0.0,0.0,0.9443678587092341,No calibration target,
Living_Room_Lights,light_living_room,WARN,4.061279726697803,0.09747071344074727,35.576810405872756,1.6666666666666665,0.2857142857142857,0.06490813188740768,Avg power 4.1W < 15W,Increase active_power_w or duty cycle
Iron,iron,UNKNOWN,3.4162626422352926,0.08199030341364702,29.926460745981164,0.07142857142857142,0.14285714285714285,0.0022728392147850357,No calibration target,
TV_Bedroom,tv_bedroom,WARN,3.3491874743502454,0.08038049938440588,29.338882275308144,0.42857142857142855,0.2857142857142857,0.03963412783298149,Avg power 3.3W < 30W,Increase active_power_w or duty cycle
Coffee_Maker,coffee_maker,PASS,3.129212122143666,0.07510109093144798,27.411898189978515,0.09523809523809523,0.5714285714285714,0.0031460116954443126,,
Toaster,toaster,PASS,1.791838837991259,0.04300413211179021,15.696508220803427,0.07142857142857142,0.42857142857142855,0.002932965779532991,,
Bedroom_Lights,light_bedroom,WARN,1.426649516690348,0.03423958840056835,12.497449766207447,1.1904761904761902,0.5714285714285714,0.045360746028690224,Avg power 1.4W < 5W,Increase active_power_w or duty cycle
Electric_Shaver,electric_shaver,UNKNOWN,1.000479280919781,0.024011502742074746,8.764198500857283,0.0,0.0,0.9480537453138298,No calibration target,
Hair_Dryer,hair_dryer,UNKNOWN,0.8924762557236611,0.021419430137367863,7.81809200013927,0.023809523809523808,0.14285714285714285,0.000992063492063492,No calibration target,
Kitchen_Lights,light_kitchen,WARN,0.735945209419713,0.01766268502607311,6.446880034516685,0.4523809523809524,0.2857142857142857,0.01767260580503534,Avg power 0.7W < 10W,Increase active_power_w or duty cycle
Heat_Pump,heat_pump,PASS,1756.722172601471,42.1613321424353,15388.886231988885,18.047619047619047,35.714285714285715,0.4990580955751353,,
Electric_Water_Heater,water_heater,UNKNOWN,150.74028584410564,3.617766860258535,1320.4849039943654,1.4285714285714286,3.4285714285714284,0.025503869833950796,No calibration target,
Refrigerator,refrigerator,PASS,74.33910561514195,1.7841385347634062,651.2105651886433,12.0,24.0,0.4030457944358302,,
Freezer,freezer,PASS,47.511797630767624,1.140283143138423,416.2033472455244,12.0,23.857142857142858,0.38569320026074255,,
Electric_Stove,electric_stove,PASS,22.077727457738842,0.5298654589857322,193.40089252979226,0.23809523809523808,0.42857142857142855,0.008767028319776075,,
WiFi_Router,wifi_router,PASS,12.010718704510758,0.2882572489082582,105.21389585151425,24.0,0.0,0.8733378185389686,,
Security_System,security_system,PASS,7.991118614162862,0.19178684673990867,70.00219906006667,24.0,0.0,0.850390643118928,,
Outdoor_Lights,light_outdoor,UNKNOWN,6.076106646367436,0.14582655951281845,53.226694222178736,4.190476190476191,0.5714285714285714,0.1667697939587107,No calibration target,
Washing_Machine,washing_machine,PASS,6.015858708087582,0.14438060899410196,52.698922282847214,0.2857142857142857,0.2857142857142857,0.010971127026152027,,
Stereo_System,stereo_system,UNKNOWN,5.002219450881143,0.1200532668211474,43.8194423897188,0.0,0.0,0.9310294384630543,No calibration target,
Living_Room_Lights,light_living_room,WARN,4.754769534758634,0.11411446883420721,41.65178112448563,1.9523809523809523,0.42857142857142855,0.0745041507560511,Avg power 4.8W < 15W,Increase active_power_w or duty cycle
TV_Living_Room,tv_living_room,WARN,4.529233393534762,0.10870160144483429,39.676084527364516,0.5238095238095238,0.14285714285714285,0.036471734546886965,Avg power 4.5W < 50W,Increase active_power_w or duty cycle
Microwave,microwave,PASS,3.742610220890047,0.08982264530136112,32.78526553499681,0.14285714285714285,0.8571428571428571,0.005275796353193948,,
Laptop,laptop,WARN,3.443158162576374,0.08263579590183298,30.16206550416904,0.5952380952380951,0.14285714285714285,0.05393126193687133,Avg power 3.4W < 20W,Increase active_power_w or duty cycle
Electric_Kettle,kettle,UNKNOWN,3.0058907819530125,0.0721413787668723,26.331603249908387,0.07142857142857142,0.42857142857142855,0.0029119952417014307,No calibration target,
Coffee_Maker,coffee_maker,PASS,3.00261794396053,0.07206283065505271,26.30293318909424,0.07142857142857142,0.42857142857142855,0.0029434484951522074,,
TV_Bedroom,tv_bedroom,WARN,2.519826502528369,0.060475836060680854,22.073680162148513,0.16666666666666666,0.14285714285714285,0.03115365268931192,Avg power 2.5W < 30W,Increase active_power_w or duty cycle
Kitchen_Lights,light_kitchen,WARN,2.0746761556221958,0.0497922277349327,18.174163123250434,1.2857142857142858,0.42857142857142855,0.05022158879680121,Avg power 2.1W < 10W,Increase active_power_w or duty cycle
Hair_Dryer,hair_dryer,UNKNOWN,1.585607337980383,0.03805457611152919,13.889920280708154,0.023809523809523808,0.14285714285714285,0.000992063492063492,No calibration target,
Electric_Shaver,electric_shaver,UNKNOWN,1.0070240979991563,0.02416857835197975,8.821531098472608,0.023809523809523808,0.14285714285714285,0.12310871716185408,No calibration target,
Bathroom_Lights,light_bathroom,WARN,0.7143301893831502,0.017143924545195605,6.257532458996396,0.738095238095238,0.7142857142857143,0.027521626113533836,Avg power 0.7W < 5W,Increase active_power_w or duty cycle
